Index,True Label,Predicted Label
0,I,1
13,l,1
21,y,Y
22,I,1
24,I,1
26,x,X
35,c,C
39,5,S
45,t,T
46,O,0
47,O,D
59,f,F
60,K,k
70,0,O
76,g,9
80,W,w
91,f,F
115,Y,4
132,l,1
137,l,1
154,l,1
155,l,1
159,O,0
174,p,P
183,y,Y
185,V,v
205,O,0
207,l,1
217,u,U
222,l,1
227,t,T
235,9,q
243,v,V
248,k,h
250,l,1
257,O,0
259,l,1
260,m,M
268,I,1
273,O,0
286,i,1
312,I,1
313,l,1
316,O,0
322,O,0
324,O,0
326,q,a
329,z,2
332,X,x
333,p,P
336,y,4
337,a,2
338,Y,r
352,0,O
355,m,M
393,I,l
394,s,S
411,O,0
419,t,E
423,d,O
443,I,1
445,v,V
454,T,t
456,O,0
460,l,1
463,l,1
471,t,T
474,l,1
477,T,t
482,l,1
484,I,1
488,S,J
518,0,O
520,O,0
531,I,1
534,O,0
550,0,O
553,o,0
558,j,7
563,q,9
569,l,1
572,O,0
573,q,A
602,I,1
605,u,U
611,I,1
620,x,t
624,O,0
627,9,4
629,z,2
632,0,C
653,l,1
679,Y,J
681,I,l
685,I,1
689,0,D
694,O,1
703,l,1
706,I,1
717,O,0
725,H,A
726,Z,z
739,1,L
747,0,O
750,I,l
756,a,O
764,O,0
767,O,0
806,O,0
808,J,1
828,c,C
844,z,Z
863,v,U
866,8,E
878,Z,2
879,j,v
910,v,V
928,W,w
929,l,1
954,9,g
964,O,0
968,q,9
970,Z,2
972,O,0
978,0,r
980,O,0
982,W,w
990,p,P
996,k,K
997,2,z
1003,m,M
1005,Z,z
1006,I,1
1009,f,F
1017,g,5
1023,I,1
1036,p,P
1047,f,l
1053,c,C
1071,l,1
1076,o,0
1083,0,O
1087,0,O
1096,Z,2
1100,l,I
1105,y,Y
1110,O,0
1113,I,1
1115,l,1
1132,1,l
1139,0,O
1141,m,M
1144,l,1
1146,O,0
1159,s,S
1176,O,0
1182,L,1
1186,p,P
1208,5,S
1210,l,1
1214,q,g
1222,u,U
1231,O,0
1235,m,M
1237,O,0
1241,c,C
1251,l,1
1252,f,F
1260,O,0
1263,g,9
1276,0,O
1284,q,g
1288,s,S
1289,I,1
1297,j,J
1304,V,v
1312,l,1
1319,o,0
1349,0,O
1378,O,0
1387,T,t
1390,w,W
1404,l,I
1405,n,U
1410,o,0
1417,0,O
1421,O,0
1422,0,O
1432,O,0
1447,I,l
1460,0,O
1465,O,0
1469,0,O
1487,c,C
1494,f,F
1497,O,0
1521,f,F
1549,O,0
1553,O,0
1554,s,S
1574,0,O
1581,y,Y
1595,c,C
1604,O,0
1611,v,V
1622,V,v
1624,z,2
1632,l,1
1639,4,I
1642,f,F
1645,O,0
1651,I,1
1656,O,0
1663,1,l
1667,l,1
1669,O,0
1684,p,P
1690,0,O
1691,T,t
1692,Z,z
1696,V,U
1701,1,l
1705,o,O
1710,I,1
1711,Y,y
1715,O,0
1732,O,0
1733,O,0
1736,u,U
1739,z,Z
1757,O,0
1758,O,0
1772,0,O
1778,O,0
1787,O,0
1790,0,U
1791,2,J
1805,u,U
1811,p,P
1812,m,M
1818,u,U
1821,q,9
1822,W,w
1830,l,1
1834,O,0
1836,v,V
1841,O,0
1846,b,k
1847,l,1
1857,5,S
1859,I,l
1877,0,O
1887,f,F
1888,u,U
1893,Z,2
1901,O,0
1903,i,1
1905,t,F
1913,q,9
1915,O,0
1920,l,1
1921,X,x
1926,Z,2
1929,O,0
1962,l,1
1963,O,0
1969,C,e
1970,Y,y
1979,0,O
1986,z,2
1990,l,1
2006,O,0
2019,0,O
2020,Y,y
2023,c,0
2026,z,2
2028,g,9
2042,I,1
2043,y,4
2046,I,1
2048,f,F
2055,l,1
2068,i,1
2075,m,M
2076,l,I
2088,I,1
2097,Y,y
2098,v,V
2099,c,C
2107,l,1
2115,s,S
2127,n,N
2161,K,k
2162,u,4
2174,1,l
2177,0,Q
2185,O,0
2187,f,F
2193,I,l
2198,I,1
2202,b,B
2210,1,I
2217,l,I
2219,O,0
2222,p,P
2240,S,I
2246,G,6
2247,l,1
2251,v,V
2259,V,v
2270,u,U
2280,J,j
2284,l,I
2290,0,O
2293,p,R
2307,i,1
2311,1,l
2318,0,O
2326,j,J
2329,S,5
2343,O,0
2348,F,T
2364,l,1
2368,0,D
2371,l,L
2373,W,w
2375,v,V
2379,o,0
2400,u,U
2406,I,1
2423,i,1
2425,v,V
2431,i,1
2433,k,K
2443,l,1
2446,i,I
2456,v,V
2459,5,S
2462,l,1
2465,O,0
2484,V,v
2497,9,g
2501,q,G
2520,O,0
2526,I,l
2527,Y,y
2542,V,U
2550,k,K
2553,b,6
2562,s,S
2563,X,x
2569,O,0
2573,c,C
2584,O,0
2594,0,O
2596,0,O
2608,T,t
2611,l,1
2617,o,0
2618,g,9
2625,I,1
2640,B,D
2682,s,S
2686,l,1
2692,0,O
2693,0,O
2706,u,U
2716,i,1
2725,3,Y
2731,O,0
2738,k,K
2752,Y,y
2758,l,L
2760,I,1
2769,l,1
2783,j,J
2794,m,M
2797,O,0
2808,f,F
2820,b,h
2821,I,1
2825,y,4
2834,1,l
2835,V,v
2838,p,P
2839,O,0
2843,0,O
2852,O,0
2860,l,1
2884,5,S
2893,q,9
2898,2,Z
2908,h,k
2916,p,P
2938,h,k
2958,p,P
2959,f,F
2960,O,0
2967,O,0
2985,a,A
2990,v,V
2997,s,S
3006,s,5
3010,I,1
3013,0,O
3041,I,1
3059,C,e
3072,l,I
3086,O,0
3090,4,U
3096,I,1
3110,1,l
3120,S,5
3133,1,l
3137,Q,0
3146,1,l
3166,I,1
3168,I,1
3190,o,O
3191,i,2
3192,m,M
3196,0,O
3199,9,4
3231,u,U
3233,i,l
3245,s,S
3246,1,l
3248,O,0
3255,V,v
3262,0,O
3264,0,O
3276,q,9
3286,v,V
3291,O,0
3293,0,O
3296,w,W
3298,o,0
3299,V,U
3317,z,Z
3321,s,S
3324,O,0
3327,O,0
3331,0,O
3335,O,0
3344,S,g
3348,4,A
3364,J,5
3366,u,U
3368,Y,y
3369,6,b
3388,y,Y
3400,i,1
3401,K,M
3414,O,0
3423,O,0
3426,k,K
3432,W,w
3438,l,1
3445,0,O
3469,l,1
3474,O,0
3489,O,0
3491,0,O
3505,m,M
3507,f,F
3515,r,P
3525,X,x
3528,J,j
3534,v,V
3540,w,W
3542,D,O
3544,0,O
3553,S,5
3560,g,9
3569,q,4
3573,l,1
3577,t,4
3579,O,0
3597,i,1
3601,z,Z
3603,o,O
3606,l,1
3615,g,9
3621,n,N
3622,o,O
3630,U,v
3631,0,O
3632,1,l
3643,O,0
3647,f,F
3659,O,0
3662,O,0
3671,0,O
3694,p,P
3695,1,l
3697,U,v
3702,m,M
3705,z,2
3710,m,M
3729,W,w
3737,9,g
3739,G,O
3761,V,v
3784,v,V
3786,1,l
3793,z,2
3794,1,l
3805,s,S
3806,y,Y
3809,0,O
3811,j,J
3816,n,N
3819,i,I
3822,u,U
3837,V,v
3843,w,W
3845,l,1
3857,l,1
3859,h,n
3861,f,F
3867,l,1
3890,j,i
3894,p,D
3908,Z,2
3916,l,I
3922,c,C
3926,h,L
3930,t,T
3937,l,1
3938,y,4
3941,p,P
3968,5,S
3970,I,1
3984,l,1
3988,l,1
4004,i,1
4016,P,p
4026,I,1
4040,6,2
4051,I,1
4054,p,F
4058,V,U
4061,O,0
4062,8,5
4066,O,0
4067,B,b
4069,X,x
4081,p,P
4095,z,2
4096,r,T
4104,Z,z
4105,e,C
4109,l,1
4115,c,C
4126,i,I
4136,T,t
4137,v,V
4140,0,O
4142,u,V
4144,p,P
4153,1,l
4154,s,S
4158,5,3
4188,0,O
4189,m,M
4192,4,H
4212,l,1
4224,O,0
4234,r,R
4237,l,1
4240,q,8
4243,u,U
4262,V,v
4263,l,1
4269,y,Y
4296,0,O
4305,l,1
4308,y,4
4331,t,I
4335,l,1
4366,O,0
4367,O,0
4369,n,N
4384,Y,4
4398,v,V
4399,5,S
4400,u,U
4406,j,J
4408,q,9
4415,i,1
4422,I,1
4426,s,S
4430,l,1
4432,O,0
4470,z,2
4486,j,J
4497,q,9
4498,0,O
4499,l,I
4517,l,1
4521,i,I
4531,R,a
4541,i,1
4550,4,F
4561,I,1
4563,o,0
4565,t,T
4567,q,9
4569,0,O
4579,a,C
4582,b,6
4583,l,I
4595,l,1
4599,8,S
4603,l,1
4605,s,S
4606,I,1
4608,g,9
4612,I,l
4628,b,6
4630,l,1
4643,z,Z
4656,9,q
4663,y,4
4665,O,0
4669,l,1
4672,l,1
4677,m,M
4683,O,0
4686,l,1
4699,O,0
4702,m,M
4708,x,t
4710,O,0
4728,c,C
4734,5,S
4735,l,I
4740,T,t
4750,u,U
4753,O,0
4754,y,Y
4761,t,T
4767,l,1
4769,5,S
4775,I,1
4777,O,0
4779,W,w
4780,0,O
4781,l,1
4783,l,1
4802,f,F
4804,f,t
4805,O,0
4811,l,1
4813,u,U
4818,Z,z
4820,Y,4
4821,p,P
4823,0,O
4828,1,I
4832,1,I
4842,Y,y
4850,I,1
4851,V,v
4852,O,0
4860,J,d
4880,0,O
4891,l,1
4897,c,C
4907,4,A
4913,W,w
4916,K,k
4919,u,U
4921,l,1
4922,u,U
4928,h,L
4931,i,I
4939,l,I
4940,l,1
4951,u,U
4965,l,I
4979,W,w
4995,F,t
5000,O,0
5003,8,q
5010,0,O
5011,P,p
5015,0,O
5016,O,0
5020,I,1
5029,V,v
5032,o,9
5038,I,1
5045,0,O
5050,y,Y
5056,1,l
5057,R,A
5062,S,5
5068,I,l
5087,O,0
5089,V,v
5093,o,0
5104,j,U
5107,l,1
5110,5,S
5122,O,0
5134,O,0
5142,l,1
5147,q,Q
5155,y,4
5163,O,0
5164,h,n
5170,s,S
5174,0,O
5176,l,1
5196,f,F
5201,o,0
5208,s,S
5215,t,T
5217,G,6
5222,h,S
5240,g,9
5246,O,0
5251,P,p
5266,v,V
5276,O,0
5277,o,O
5283,v,V
5290,I,1
5291,l,1
5292,c,C
5306,p,P
5308,n,7
5310,P,p
5331,I,1
5332,o,0
5335,0,O
5370,9,a
5372,k,K
5380,O,0
5385,l,I
5389,l,1
5395,z,2
5396,u,U
5433,5,J
5455,0,O
5473,q,9
5489,8,3
5512,0,O
5513,0,O
5515,l,1
5523,x,X
5524,l,1
5536,s,S
5540,l,1
5544,l,1
5559,g,q
5562,I,1
5567,q,9
5579,k,K
5584,S,5
5586,l,1
5589,O,0
5593,o,0
5599,I,l
5612,O,0
5620,i,1
5636,O,0
5639,O,0
5640,Z,2
5672,l,I
5681,l,1
5706,o,O
5710,s,S
5711,l,1
5717,V,v
5720,c,C
5727,I,1
5731,l,1
5734,m,M
5735,h,n
5758,g,9
5782,l,I
5786,l,1
5800,l,1
5804,0,O
5806,s,S
5808,0,O
5840,O,0
5845,m,M
5847,b,6
5850,u,U
5864,u,U
5866,e,E
5875,J,j
5887,t,4
5908,W,w
5911,O,0
5926,0,O
5930,f,F
5942,W,w
5945,o,O
5953,m,M
5971,J,j
5973,l,1
5978,l,1
5999,L,h
6011,c,e
6021,l,1
6033,V,v
6049,l,1
6050,w,W
6058,A,4
6065,0,O
6066,c,C
6067,2,z
6070,q,9
6077,O,0
6097,U,4
6100,k,K
6103,I,l
6105,0,O
6106,4,Y
6108,o,0
6111,h,L
6118,x,X
6121,l,L
6123,l,1
6129,t,T
6145,p,P
6153,F,t
6155,S,5
6157,I,l
6168,O,0
6189,O,0
6195,l,1
6200,0,O
6202,O,0
6204,I,l
6205,W,w
6210,q,9
6215,1,l
6217,s,S
6224,l,1
6225,v,V
6228,l,1
6235,u,U
6236,I,1
6239,0,O
6242,l,1
6252,0,O
6253,l,1
6263,K,k
6266,g,q
6270,I,1
6282,I,1
6289,6,b
6292,q,9
6294,f,F
6297,l,1
6303,0,O
6307,0,O
6310,5,S
6321,6,b
6334,O,0
6350,s,S
6356,S,5
6366,Z,2
6389,i,1
6394,0,O
6401,5,S
6413,u,U
6424,P,p
6428,J,j
6434,c,C
6451,0,6
6453,5,C
6454,2,z
6469,I,1
6475,J,5
6484,b,G
6489,b,6
6504,T,r
6508,I,l
6544,q,8
6548,0,O
6553,l,1
6574,l,1
6576,s,S
6583,o,O
6589,Y,4
6595,o,0
6611,i,I
6616,o,0
6624,b,B
6627,v,V
6630,X,x
6633,1,l
6640,l,1
6648,7,3
6650,c,C
6664,b,6
6669,t,T
6678,l,I
6686,S,5
6694,q,9
6700,s,5
6707,o,Q
6719,Y,r
6723,q,9
6730,c,C
6742,l,1
6747,l,1
6749,o,e
6752,S,5
6756,I,1
6762,5,S
6766,l,1
6767,v,V
6781,O,0
6787,m,M
6789,O,0
6797,1,l
6801,l,L
6806,D,0
6809,T,t
6831,V,v
6841,F,P
6849,X,x
6856,K,k
6858,0,O
6861,u,U
6871,I,l
6878,O,0
6885,Y,y
6891,5,S
6905,I,1
6910,5,S
6914,g,P
6916,1,I
6929,l,I
6930,l,1
6931,d,a
6933,z,2
6938,B,b
6944,s,S
6962,y,Y
6965,b,6
7003,k,K
7041,I,1
7045,l,L
7051,T,7
7055,l,1
7067,6,C
7071,T,S
7080,1,l
7103,b,k
7111,q,9
7116,O,0
7127,1,I
7138,x,X
7140,s,S
7153,u,U
7161,W,w
7168,g,a
7174,0,O
7177,l,1
7182,I,1
7188,K,k
7197,6,b
7200,Y,r
7208,u,U
7213,R,e
7215,l,1
7216,c,C
7223,0,b
7224,a,g
7232,r,5
7237,0,O
7241,l,1
7250,l,1
7278,p,P
7286,6,b
7291,i,1
7294,q,9
7305,4,Y
7307,p,P
7308,O,0
7312,5,S
7323,I,1
7326,N,n
7355,O,0
7356,4,U
7369,O,0
7370,s,S
7377,4,y
7382,q,9
7389,k,h
7448,N,H
7462,s,S
7463,0,O
7473,g,9
7474,s,S
7489,l,1
7495,n,N
7510,x,X
7513,c,C
7514,9,q
7524,O,0
7534,C,e
7539,0,O
7542,0,O
7552,s,S
7554,O,0
7563,p,P
7575,U,V
7580,0,O
7584,l,1
7585,l,1
7597,O,0
7600,f,F
7601,l,1
7605,X,x
7616,f,F
7617,O,0
7626,u,U
7629,2,1
7641,l,1
7645,I,1
7677,o,0
7682,0,O
7707,w,W
7720,K,k
7728,y,4
7732,2,6
7733,t,4
7740,0,6
7756,l,1
7759,V,U
7761,l,L
7762,b,6
7774,l,1
7779,c,C
7787,1,l
7790,0,O
7795,o,5
7828,S,5
7831,g,9
7834,y,4
7843,0,O
7844,8,6
7856,0,O
7863,q,Q
7864,U,v
7882,1,I
7898,t,T
7900,0,O
7904,X,x
7912,K,k
7916,c,0
7918,O,D
7922,J,j
7926,O,a
7933,X,x
7943,i,I
7967,0,O
7979,g,9
7983,c,C
7997,y,4
7998,m,M
8022,f,F
8035,I,l
8043,0,6
8049,u,U
8059,O,0
8060,J,j
8064,O,0
8066,c,C
8076,G,6
8079,0,O
8085,Y,9
8113,y,Y
8116,s,S
8117,O,0
8119,K,k
8125,l,1
8134,O,0
8136,l,1
8138,P,p
8153,y,4
8162,o,0
8182,s,S
8184,1,I
8194,4,U
8202,W,w
8211,o,0
8216,1,l
8218,0,O
8234,6,U
8235,9,g
8240,l,1
8247,m,M
8254,Z,2
8255,S,5
8266,r,8
8267,f,F
8284,c,C
8292,m,M
8295,l,1
8299,I,1
8304,O,0
8305,o,O
8309,l,1
8311,8,B
8315,I,1
8325,l,1
8328,r,T
8329,p,O
8331,1,I
8337,l,1
8346,I,1
8349,i,I
8354,s,S
8361,u,U
8366,W,w
8367,o,0
8370,l,1
8375,l,1
8378,q,9
8396,f,F
8399,z,3
8413,l,1
8417,1,I
8423,v,V
8428,l,1
8430,s,S
8431,P,p
8433,c,C
8434,y,Y
8439,g,b
8445,e,C
8446,O,0
8448,1,l
8449,1,l
8450,0,O
8458,2,L
8465,W,N
8486,W,w
8490,S,5
8499,0,O
8501,I,1
8504,1,I
8509,O,0
8512,1,l
8525,C,e
8528,V,U
8530,l,1
8531,n,r
8535,O,0
8543,o,0
8551,u,U
8553,0,O
8561,V,v
8575,q,9
8577,y,U
8580,S,5
8585,o,D
8587,l,1
8595,s,S
8600,L,C
8604,c,C
8606,c,C
8622,1,l
8624,1,I
8639,i,1
8644,m,M
8671,l,1
8674,R,n
8675,t,T
8676,5,S
8678,b,B
8683,l,I
8691,h,H
8706,l,1
8711,j,J
8712,l,1
8715,x,X
8716,X,x
8725,f,F
8730,O,0
8743,O,0
8747,Z,z
8764,g,8
8767,f,F
8774,0,O
8778,v,V
8792,0,O
8798,D,0
8800,l,1
8804,O,0
8805,1,l
8813,I,1
8814,Y,4
8816,x,X
8821,l,1
8823,y,Y
8832,G,E
8833,S,5
8835,f,F
8836,z,2
8846,v,V
8847,q,9
8849,u,U
8850,O,0
8876,a,A
8881,c,C
8891,l,1
8892,e,l
8910,b,6
8915,l,1
8925,s,S
8930,f,F
8939,O,0
8942,O,0
8943,Z,z
8952,l,1
8984,l,1
8990,p,P
8991,l,1
9002,O,0
9024,l,1
9039,1,l
9064,u,U
9066,k,R
9069,O,0
9076,O,0
9081,l,I
9092,O,0
9095,z,Z
9098,Y,y
9099,O,0
9103,m,M
9108,k,K
9111,p,P
9115,I,1
9122,O,0
9123,I,1
9139,N,D
9148,l,1
9154,0,O
9163,V,v
9165,5,S
9171,V,U
9174,l,1
9184,j,i
9188,0,O
9189,m,M
9195,0,O
9196,l,I
9208,I,1
9212,X,x
9214,l,1
9220,f,F
9224,O,0
9246,o,D
9262,k,R
9265,0,O
9272,i,1
9284,1,l
9289,0,O
9316,l,1
9323,l,1
9331,M,n
9337,I,1
9339,O,0
9356,0,O
9360,y,Y
9373,o,O
9379,d,a
9429,1,l
9431,J,S
9443,O,0
9459,p,P
9469,s,S
9470,i,I
9473,n,N
9476,l,1
9477,O,0
9488,t,6
9494,1,l
9518,O,0
9533,u,U
9534,0,O
9552,o,O
9553,y,Y
9579,l,1
9585,T,t
9588,b,6
9602,5,S
9607,u,U
9612,c,C
9635,O,0
9638,O,0
9645,m,M
9652,2,L
9653,O,0
9656,5,S
9660,l,S
9661,T,7
9671,o,O
9673,g,9
9704,8,9
9717,s,S
9718,I,l
9722,y,Y
9729,0,O
9730,m,M
9733,l,1
9749,u,U
9753,h,H
9773,o,O
9775,O,0
9781,5,S
9783,O,0
9798,u,U
9800,O,0
9805,I,1
9817,X,x
9823,I,1
9841,m,M
9843,I,l
9848,X,x
9851,g,9
9882,l,I
9889,l,1
9895,O,0
9900,o,0
9912,I,1
9916,l,1
9919,1,l
9937,O,0
9939,i,1
9943,i,1
9944,l,1
9953,s,S
9954,c,e
9972,m,M
9975,y,Y
9988,p,P
9995,l,1
9997,4,U
10014,f,F
10019,Z,z
10026,l,1
10030,B,8
10032,J,5
10043,s,S
10046,I,1
10064,0,O
10083,0,O
10084,G,6
10092,z,2
10098,0,O
10109,O,0
10113,1,l
10117,4,t
10122,I,1
10127,I,1
10128,I,1
10134,1,l
10145,O,0
10156,I,1
10159,l,1
10164,l,1
10186,f,F
10193,l,1
10195,i,I
10198,O,0
10199,O,0
10203,p,P
10206,K,k
10213,f,F
10220,l,1
10221,O,0
10222,O,0
10225,f,F
10228,0,O
10240,I,1
10243,5,S
10265,p,P
10272,B,8
10277,l,1
10285,l,1
10288,f,t
10290,p,P
10296,o,0
10304,1,I
10308,m,M
10315,w,W
10319,I,1
10322,r,U
10323,A,a
10337,1,l
10358,J,D
10364,s,S
10366,V,r
10367,f,F
10372,o,0
10382,q,Q
10391,l,L
10406,o,0
10409,f,F
10410,b,6
10419,a,2
10420,g,a
10427,S,5
10430,V,U
10435,l,1
10464,g,q
10469,j,i
10476,0,O
10479,O,0
10480,1,l
10483,v,V
10486,f,F
10488,Z,2
10494,l,1
10495,5,S
10499,2,z
10501,O,0
10506,O,0
10514,l,1
10516,O,0
10528,I,1
10542,k,K
10553,f,F
10559,l,1
10562,5,S
10565,J,j
10569,0,O
10584,x,X
10605,f,F
10608,f,F
10620,1,l
10627,n,N
10631,y,Y
10639,w,W
10662,n,4
10666,m,M
10667,I,1
10673,0,O
10676,i,I
10685,z,2
10694,E,e
10698,P,p
10707,V,r
10710,W,w
10711,s,S
10714,l,1
10715,Z,2
10716,V,v
10717,l,1
10735,A,4
10742,0,O
10769,l,1
10772,v,V
10774,c,C
10775,X,x
10783,I,1
10788,f,F
10813,j,J
10836,0,O
10855,O,0
10859,O,0
10868,I,l
10870,f,F
10873,Z,z
10882,l,1
10889,1,7
10897,l,1
10901,l,1
10906,m,M
10915,Z,z
10916,k,K
10919,4,U
10938,u,U
10948,k,K
10956,L,S
10961,V,U
10962,I,1
10967,l,1
10978,I,1
10987,l,1
10988,l,1
10989,i,l
10997,m,M
11005,v,V
11009,l,1
11021,u,U
11029,l,1
11031,p,P
11043,k,K
11048,0,O
11067,0,n
11069,w,S
11096,V,r
11102,m,M
11116,0,O
11118,S,5
11127,v,V
11142,0,O
11144,O,0
11165,0,O
11184,O,0
11185,l,1
11192,a,U
11221,W,w
11223,v,V
11229,J,5
11234,m,M
11235,O,0
11243,O,0
11248,q,9
11257,c,C
11259,U,w
11260,O,0
11274,j,J
11279,e,L
11280,P,p
11292,I,1
11294,O,0
11305,l,1
11316,m,M
11331,1,I
11335,m,M
11342,W,w
11351,j,t
11359,z,Z
11360,l,1
11361,9,g
11364,0,O
11369,u,U
11370,u,U
11385,O,0
11388,V,v
11395,l,1
11410,O,0
11417,l,1
11419,1,I
11428,y,Y
11440,c,C
11450,l,1
11455,f,F
11465,r,R
11470,T,r
11472,O,0
11489,1,l
11498,f,F
11501,o,0
11506,Y,y
11509,0,O
11518,p,P
11526,f,F
11535,I,1
11544,x,X
11549,0,O
11550,I,1
11553,o,O
11559,s,S
11560,O,0
11562,L,C
11566,l,1
11574,I,1
11578,l,1
11582,3,O
11583,k,K
11584,h,n
11597,I,1
11601,m,M
11602,u,U
11607,O,0
11612,Q,a
11626,b,6
11658,p,P
11690,u,U
11701,0,O
11703,l,1
11705,t,T
11706,x,X
11710,O,0
11713,O,0
11720,u,U
11721,1,l
11728,l,1
11736,q,9
11737,0,O
11745,4,U
11757,q,9
11779,l,1
11799,O,0
11804,S,8
11805,0,O
11815,X,x
11820,n,N
11826,0,O
11829,0,O
11831,l,1
11833,y,4
11841,f,F
11851,V,v
11855,l,I
11856,6,b
11859,6,L
11880,m,M
11885,q,a
11890,l,I
11897,l,1
11898,g,9
11902,O,0
11908,S,5
11911,I,l
11930,o,0
11931,1,l
11935,G,6
11936,O,0
11937,g,9
11941,l,I
11942,G,6
11947,l,1
11967,m,M
11968,K,k
11972,s,S
11973,w,W
11977,0,O
11996,f,F
12008,l,1
12021,V,v
12023,1,I
12028,f,F
12054,q,9
12055,O,0
12056,k,K
12063,9,a
12065,l,1
12066,S,5
12067,i,I
12070,Y,y
12075,X,x
12077,B,6
12089,I,1
12097,q,g
12101,l,1
12107,l,1
12129,p,P
12150,W,w
12157,o,0
12169,f,F
12170,O,0
12194,c,C
12203,c,C
12205,g,9
12207,c,C
12210,l,1
12240,v,V
12258,u,U
12260,g,8
12267,l,1
12272,I,1
12278,K,k
12300,I,1
12313,l,L
12318,Y,4
12322,t,T
12331,O,0
12340,s,S
12347,I,l
12352,c,C
12362,l,1
12366,z,2
12370,O,0
12372,Y,4
12411,u,U
12433,K,k
12436,I,1
12446,l,1
12456,O,0
12458,l,1
12459,0,O
12461,l,1
12464,p,P
12473,1,I
12478,S,5
12486,O,0
12500,l,1
12522,i,l
12533,j,J
12566,X,x
12586,I,1
12587,p,P
12594,c,C
12599,V,U
12604,O,0
12612,c,C
12614,I,1
12623,P,p
12634,N,M
12638,o,0
12639,p,P
12646,I,l
12652,q,9
12654,O,0
12670,l,L
12676,6,0
12681,I,1
12688,o,O
12689,K,k
12710,5,S
12720,F,E
12737,0,O
12738,I,1
12744,Z,2
12748,0,8
12770,v,V
12781,l,1
12789,s,S
12796,l,1
12799,l,I
12805,f,F
12811,o,O
12822,O,0
12825,q,9
12835,m,M
12863,w,W
12879,0,O
12880,Q,0
12890,i,l
12892,I,1
12905,f,F
12920,S,5
12926,g,4
12930,6,5
12932,O,0
12937,W,w
12938,O,0
12945,n,N
12954,y,V
12962,Z,2
12974,O,0
12994,s,S
12996,9,g
13001,s,S
13006,o,0
13013,m,M
13017,O,0
13024,i,l
13059,p,8
13064,O,D
13068,1,l
13073,m,M
13079,i,1
13087,l,1
13089,5,S
13099,Q,9
13106,g,9
13107,D,0
13117,O,0
13134,1,l
13137,1,l
13144,5,6
13145,5,S
13149,O,0
13158,L,l
13174,0,O
13180,O,0
13187,i,1
13188,V,r
13206,X,x
13208,1,l
13209,X,x
13215,0,O
13217,O,0
13220,l,1
13230,1,l
13236,f,F
13242,1,l
13245,l,1
13247,O,0
13260,l,1
13264,d,D
13266,V,v
13303,8,E
13307,1,t
13328,c,C
13341,o,O
13342,l,1
13360,o,O
13362,1,l
13372,m,M
13381,I,1
13382,C,a
13388,l,1
13402,0,O
13428,O,0
13430,I,l
13434,L,l
13441,h,n
13448,p,P
13466,b,6
13469,V,v
13470,l,1
13472,T,t
13473,l,1
13509,0,U
13517,Y,4
13518,w,W
13530,0,O
13555,I,l
13566,z,2
13583,z,Z
13587,V,v
13593,u,U
13594,O,0
13611,Z,z
13624,o,0
13651,0,O
13657,1,l
13658,1,l
13659,s,S
13672,1,I
13675,P,Y
13679,O,0
13691,s,S
13693,O,0
13724,V,v
13727,m,M
13730,0,O
13731,l,1
13758,I,1
13771,I,1
13775,p,P
13784,D,0
13786,0,O
13789,0,O
13792,l,1
13798,0,O
13819,1,l
13822,l,1
13825,O,0
13829,q,g
13847,t,f
13852,O,0
13860,1,I
13869,I,1
13872,l,1
13893,O,0
13896,l,I
13899,O,0
13904,V,v
13910,c,C
13913,4,8
13920,q,9
13922,q,g
13928,0,O
13932,l,1
13936,1,l
13948,J,5
13951,a,e
13954,I,1
13955,O,0
13964,j,J
13975,q,9
13985,u,U
13999,u,U
14014,N,n
14016,s,S
14017,O,0
14043,l,1
14049,m,M
14057,m,M
14064,I,1
14083,0,O
14092,i,1
14094,l,1
14098,b,6
14119,T,t
14128,l,1
14138,O,0
14140,l,1
14147,l,1
14151,l,1
14164,m,M
14168,I,1
14191,s,S
14203,9,g
14205,l,1
14216,f,F
14218,X,x
14224,f,F
14230,m,M
14231,V,v
14237,l,1
14245,0,O
14246,s,S
14247,i,x
14264,q,9
14276,0,O
14297,s,S
14301,9,7
14302,p,P
14307,m,M
14308,l,1
14312,K,k
14314,S,6
14323,g,9
14332,O,0
14336,P,8
14338,O,a
14344,i,I
14346,O,0
14362,y,Y
14378,0,O
14388,h,n
14389,o,O
14395,a,A
14402,7,9
14403,o,0
14414,G,0
14425,0,O
14439,l,1
14450,Y,y
14455,m,M
14480,7,Y
14481,O,0
14484,q,9
14493,l,I
14497,j,J
14516,o,0
14518,X,x
14526,0,O
14543,I,1
14553,k,x
14554,O,0
14567,l,1
14572,1,l
14575,0,O
14592,2,Z
14602,O,0
14618,l,1
14635,v,U
14645,b,B
14650,m,M
14655,O,0
14656,I,l
14661,O,C
14668,O,0
14670,u,U
14685,c,C
14690,I,l
14710,Z,2
14720,W,w
14721,s,S
14725,f,F
14730,l,1
14731,t,J
14732,x,X
14741,Z,z
14742,l,1
14764,m,M
14774,u,U
14776,l,1
14785,O,0
14790,c,C
14806,k,x
14807,1,l
14813,l,1
14822,l,1
14829,q,9
14840,p,P
14852,p,P
14856,O,0
14866,Q,q
14868,Y,y
14869,l,I
14871,u,U
14877,c,C
14878,m,M
14887,O,0
14889,l,1
14900,T,7
14906,I,1
14924,l,1
14925,V,U
14929,u,U
14930,Z,2
14933,D,O
14938,c,C
14951,Z,2
14952,u,U
14956,y,Y
14960,2,z
14972,0,O
14988,0,O
15011,I,1
15012,m,M
15022,9,g
15024,j,J
15038,l,1
15047,m,M
15049,9,8
15058,8,F
15070,R,h
15104,g,9
15108,O,0
15109,O,0
15134,O,0
15152,O,0
15160,I,1
15161,S,5
15178,0,O
15179,0,O
15188,O,0
15193,5,S
15206,l,1
15210,o,0
15215,O,0
15222,Q,9
15235,O,0
15237,g,9
15242,l,1
15252,C,L
15307,I,1
15308,o,0
15324,O,0
15327,0,O
15334,l,1
15335,O,0
15337,S,g
15348,s,S
15350,j,J
15357,v,V
15358,l,1
15359,c,C
15360,S,g
15368,O,0
15388,O,0
15391,O,0
15393,s,S
15402,c,C
15412,O,0
15418,I,1
15433,l,1
15435,l,1
15442,u,U
15445,W,n
15446,9,g
15454,D,2
15456,I,1
15458,s,5
15469,l,1
15471,I,1
15481,i,I
15482,I,1
15487,l,1
15525,y,Y
15543,l,1
15552,y,Y
15560,I,1
15562,I,1
15565,l,1
15572,I,1
15593,l,I
15600,l,1
15602,l,1
15611,O,0
15615,K,k
15632,f,F
15635,0,O
15641,0,U
15642,l,1
15650,I,1
15653,i,1
15663,x,X
15670,x,X
15682,b,6
15687,e,C
15689,v,V
15693,s,S
15711,O,0
15717,l,1
15724,l,1
15727,I,1
15729,m,M
15733,r,C
15735,s,S
15740,l,1
15744,S,5
15752,9,g
15762,l,1
15765,y,Y
15772,c,C
15782,u,U
15785,O,0
15792,V,v
15795,q,a
15797,f,F
15800,0,O
15805,I,l
15815,p,P
15816,u,U
15828,O,0
15846,O,0
15848,O,0
15855,y,Y
15858,p,P
15873,l,1
15874,l,1
15878,l,1
15880,u,U
15887,1,I
15892,m,M
15900,Y,4
15909,I,1
15916,0,O
15930,X,x
15934,l,1
15945,p,P
15955,V,v
15956,l,1
15973,O,0
15975,g,9
15976,v,U
15981,f,F
15987,R,e
15990,S,5
15992,m,M
15993,m,M
16000,O,0
16014,v,U
16022,i,1
16029,f,F
16042,S,t
16049,O,0
16054,l,1
16061,O,0
16062,m,M
16064,3,7
16072,o,O
16082,O,0
16083,1,I
16096,c,C
16102,4,H
16106,4,y
16108,c,C
16110,0,q
16119,l,1
16127,I,l
16146,V,U
16154,m,M
16169,c,C
16182,4,6
16200,c,C
16208,1,I
16213,l,1
16220,6,4
16229,T,t
16254,i,1
16274,l,I
16281,5,S
16291,V,v
16306,l,1
16307,V,v
16312,O,0
16313,I,1
16315,I,1
16317,y,Y
16320,5,K
16328,v,V
16330,f,F
16334,2,L
16348,z,Z
16364,l,1
16368,O,0
16369,w,W
16380,P,p
16390,O,0
16393,q,9
16400,o,0
16410,u,U
16417,v,V
16441,Z,2
16447,j,8
16481,g,9
16482,0,O
16485,d,a
16491,o,0
16510,5,3
16514,O,g
16515,2,z
16520,y,v
16522,I,1
16524,o,O
16525,s,S
16541,l,1
16561,x,2
16562,I,1
16564,c,C
16568,2,d
16577,m,M
16585,g,q
16589,J,U
16595,I,1
16598,w,W
16602,l,1
16603,O,0
16609,I,1
16624,V,U
16636,l,1
16648,I,1
16674,d,l
16683,c,C
16691,l,I
16698,I,1
16731,9,a
16745,l,I
16759,D,0
16774,m,M
16776,c,C
16779,O,0
16783,Q,a
16800,H,4
16817,p,P
16819,O,0
16821,T,r
16830,J,8
16834,s,S
16836,1,l
16842,m,M
16846,O,0
16847,O,0
16850,1,l
16851,t,T
16853,l,I
16855,s,S
16858,I,1
16859,O,0
16861,W,w
16880,O,0
16909,5,S
16911,u,U
16915,V,v
16917,X,x
16921,2,Z
16927,J,I
16931,0,O
16937,1,I
16948,j,i
16950,I,1
16958,l,1
16961,l,1
16970,O,0
16972,d,O
16985,X,x
16986,t,h
16995,1,t
17012,1,l
17016,t,k
17029,D,0
17036,N,r
17046,y,Y
17049,0,O
17050,b,S
17063,O,0
17069,t,T
17078,l,1
17079,Q,A
17095,O,0
17096,5,S
17100,6,B
17107,n,N
17109,I,1
17119,I,1
17126,0,O
17138,l,1
17142,l,1
17143,O,0
17158,E,6
17160,y,Y
17165,V,v
17172,u,U
17176,o,0
17188,O,0
17191,l,1
17193,C,e
17206,1,l
17211,l,1
17225,o,0
17235,l,1
17250,l,1
17252,0,O
17255,9,4
17257,O,0
17266,a,O
17277,1,I
17289,8,S
17292,I,1
17294,Z,z
17309,l,1
17311,5,S
17313,f,F
17329,O,0
17330,z,2
17334,I,1
17335,0,O
17341,O,0
17342,J,j
17343,I,l
17359,0,O
17362,I,l
17371,q,9
17376,x,X
17379,R,P
17392,l,1
17396,n,7
17399,I,1
17431,l,1
17448,O,0
17456,l,1
17458,O,Q
17466,f,F
17482,0,O
17489,C,e
17490,O,0
17493,p,P
17495,O,0
17501,g,9
17505,0,O
17514,O,0
17515,X,x
17521,l,1
17523,g,9
17536,z,2
17547,K,Y
17554,a,2
17571,y,U
17583,l,1
17587,O,0
17590,5,S
17609,P,p
17613,l,1
17631,m,M
17676,S,5
17679,I,l
17683,m,M
17684,o,O
17689,O,0
17696,l,I
17716,C,L
17718,V,r
17730,I,1
17733,I,1
17734,m,M
17754,I,1
17760,c,C
17769,g,q
17776,c,C
17780,Q,a
17782,l,Y
17785,V,U
17794,1,l
17810,V,v
17813,v,U
17820,I,1
17825,y,Y
17829,g,9
17849,l,1
17854,Z,z
17862,O,0
17864,l,1
17870,3,5
17878,m,n
17882,Q,0
17887,9,7
17899,f,F
17901,v,V
17906,2,g
17907,I,1
17912,0,a
17927,l,1
17928,l,1
17931,0,O
17965,u,U
17977,O,0
17987,S,5
17990,I,1
18001,I,1
18005,0,O
18008,I,1
18012,l,1
18014,1,l
18018,z,2
18032,C,a
18036,q,9
18039,e,Q
18046,I,l
18048,j,F
18056,l,1
18060,5,9
18062,1,l
18067,P,F
18073,O,0
18077,o,O
18086,v,V
18093,1,l
18097,O,0
18102,o,O
18109,q,9
18114,l,I
18115,I,1
18116,s,S
18123,o,0
18135,5,S
18146,2,7
18147,z,2
18152,Y,4
18155,f,F
18167,1,I
18176,5,S
18179,9,g
18180,0,d
18189,r,R
18191,O,0
18200,c,C
18206,0,O
18212,w,W
18218,4,Y
18230,z,2
18232,0,O
18235,1,l
18241,u,U
18252,q,9
18253,g,a
18264,o,O
18274,l,1
18276,0,O
18282,y,Y
18283,g,q
18288,O,0
18302,0,O
18311,O,0
18317,I,1
18326,l,1
18328,O,0
18330,v,V
18333,o,O
18336,Y,4
18348,i,1
18351,O,0
18352,7,Y
18361,g,9
18364,0,O
18366,m,M
18375,O,0
18392,5,S
18395,O,0
18396,n,h
18401,Z,z
18402,I,l
18408,3,7
18414,I,1
18422,y,Y
18438,O,0
18449,W,w
18454,P,8
18456,V,v
18464,x,4
18467,O,0
18468,C,e
18480,t,E
18483,z,2
18490,I,1
18494,o,0
18504,x,X
18509,O,0
18517,l,1
18518,l,1
18530,b,6
18534,l,1
18535,0,O
18540,i,1
18549,s,S
18556,g,9
18559,0,O
18604,5,r
18617,O,0
18621,l,1
18625,5,S
18629,l,1
18635,f,F
18641,s,S
18656,p,P
18667,s,S
18684,a,q
18686,b,6
18691,u,U
18692,g,9
18698,S,h
18702,0,O
18705,g,9
18707,I,1
18708,l,1
18730,I,1
18732,0,D
18745,l,1
18770,K,k
18783,a,0
18792,V,v
18799,A,d
18804,5,S
18808,l,I
18818,m,M
18823,f,F
18829,v,V
18836,n,h
18843,l,1
18847,t,T
18869,O,0
18870,I,l
18884,l,1
18885,O,0
18898,b,B
18899,i,I
18901,l,1
18902,m,M
18908,V,v
18910,O,0
18912,O,0
18918,f,F
18925,k,K
18927,v,j
18928,I,1
18931,t,T
18933,O,0
18937,I,l
18951,m,M
18953,f,F
18962,k,K
18980,l,1
18986,0,O
18996,q,9
19009,V,v
19010,v,U
19019,0,O
19022,c,C
19033,0,O
19040,c,C
19060,2,g
19067,O,0
19078,O,0
19089,o,0
19090,2,L
19092,m,M
19104,I,1
19108,g,9
19116,0,V
19118,0,O
19142,x,X
19155,u,U
19161,V,v
19165,0,O
19167,w,W
19171,v,V
19178,O,0
19182,O,0
19186,O,0
19193,l,1
19198,d,a
19240,4,1
19241,O,0
19244,V,U
19252,n,U
19263,O,0
19295,o,0
19306,u,U
19321,s,S
19327,0,O
19331,N,R
19338,m,M
19342,W,w
19358,O,0
19361,V,4
19375,O,0
19377,h,U
19380,m,M
19404,O,0
19406,0,O
19407,1,I
19440,0,C
19450,i,I
19451,6,F
19465,1,I
19472,0,O
19474,0,O
19481,O,0
19484,n,N
19485,m,M
19494,9,g
19501,w,W
19510,l,1
19522,1,I
19548,h,4
19551,5,S
19566,q,Q
19576,I,1
19586,O,0
19588,l,1
19593,J,j
19594,L,l
19602,l,1
19606,s,S
19607,5,S
19613,W,w
19621,Y,4
19627,f,F
19634,1,I
19645,1,I
19660,s,S
19663,c,C
19665,2,z
19672,l,1
19677,c,C
19678,0,U
19683,m,M
19684,I,1
19698,O,0
19700,e,d
19706,W,a
19707,l,1
19714,V,U
19715,O,0
19728,g,9
19734,r,T
19754,9,g
19756,h,R
19759,X,x
19763,u,U
19798,I,l
19802,O,0
19803,O,0
19810,0,O
19811,I,1
19817,5,S
19818,O,0
19819,1,l
19825,l,1
19826,Y,S
19836,u,U
19844,w,W
19848,O,0
19868,9,g
19874,z,Z
19875,I,l
19877,i,I
19884,s,S
19898,I,l
19901,5,S
19906,C,e
19929,3,g
19931,o,0
19933,3,z
19938,l,1
19940,d,a
19959,l,1
19960,c,C
19978,I,1
19980,I,1
19991,m,M
20001,W,w
20021,I,1
20055,u,U
20062,l,1
20080,O,0
20086,I,1
20092,q,9
20095,O,0
20096,v,V
20097,c,C
20101,l,1
20107,l,1
20113,2,Q
20120,g,9
20130,l,1
20132,O,0
20137,O,0
20143,c,C
20167,0,O
20178,l,1
20194,k,K
20202,Z,z
20218,l,1
20234,c,C
20238,o,O
20239,l,I
20255,i,I
20262,a,9
20263,1,I
20265,I,1
20274,I,1
20277,N,n
20290,X,x
20298,1,l
20313,s,S
20323,I,1
20327,u,U
20331,f,F
20340,p,P
20358,I,1
20377,O,0
20383,G,6
20387,T,7
20394,O,0
20396,0,O
20416,y,4
20430,s,S
20431,V,v
20441,I,1
20458,0,O
20463,O,0
20469,K,k
20476,0,O
20477,O,0
20489,O,0
20493,O,0
20501,r,R
20515,v,U
20545,O,0
20546,I,1
20548,O,0
20553,1,I
20561,Z,2
20565,O,0
20572,0,O
20574,j,i
20579,I,1
20580,l,1
20596,I,1
20609,l,I
20642,p,P
20643,O,0
20655,1,l
20658,l,1
20661,p,P
20708,0,O
20719,O,0
20728,l,1
20729,0,O
20741,8,0
20748,u,U
20754,l,1
20776,u,U
20780,H,N
20784,g,8
20792,I,1
20795,l,1
20803,o,O
20804,f,F
20821,l,1
20822,s,S
20839,m,M
20843,u,U
20844,k,K
20847,S,5
20858,l,1
20862,v,V
20863,N,Y
20873,l,1
20889,m,M
20900,c,C
20906,0,O
20912,S,5
20931,v,V
20947,I,1
20954,O,0
20965,t,1
20974,f,F
20977,l,1
20982,D,O
21000,I,1
21016,o,O
21023,I,1
21024,0,U
21034,0,a
21036,O,0
21048,0,O
21060,H,A
21067,l,1
21069,x,X
21073,N,W
21076,d,2
21079,l,1
21087,b,6
21092,O,0
21095,u,U
21098,X,x
21100,W,w
21105,m,M
21117,I,1
21121,b,B
21123,0,O
21137,v,V
21139,O,0
21153,I,l
21157,O,0
21160,S,5
21165,3,z
21170,O,0
21213,8,q
21225,i,j
21229,0,O
21230,2,d
21234,u,U
21241,1,l
21253,d,D
21256,y,4
21267,o,O
21279,O,0
21284,P,p
21289,Z,z
21291,u,U
21320,0,O
21321,I,1
21322,c,C
21323,C,e
21325,O,0
21328,m,M
21333,0,O
21338,i,1
21343,l,I
21347,8,g
21350,l,1
21356,R,a
21363,O,0
21367,O,0
21368,e,E
21379,0,O
21380,O,0
21390,V,v
21395,f,F
21401,O,0
21404,D,O
21409,0,O
21416,I,1
21418,U,2
21424,y,4
21443,S,5
21445,b,6
21458,q,9
21462,I,1
21480,c,C
21495,I,1
21499,f,F
21514,l,1
21516,m,M
21527,D,O
21532,I,1
21543,z,Z
21545,Q,9
21556,l,1
21571,5,S
21575,1,l
21585,O,0
21589,Q,a
21599,0,O
21604,k,K
21607,D,O
21624,l,1
21626,T,t
21641,0,O
21644,O,0
21662,m,M
21666,u,U
21692,I,1
21693,I,1
21696,K,k
21699,0,O
21706,I,1
21710,s,S
21714,c,C
21734,2,Z
21739,I,1
21755,s,S
21767,l,1
21769,l,1
21772,I,1
21781,g,9
21782,S,5
21788,c,C
21797,i,1
21800,p,P
21803,0,O
21814,v,V
21826,I,1
21828,O,0
21833,l,1
21853,V,v
21861,O,0
21869,i,j
21930,O,0
21931,0,O
21935,5,S
21943,O,0
21954,O,0
21956,0,O
21958,0,O
21962,l,1
21981,m,M
22009,1,l
22011,p,P
22020,l,1
22021,l,1
22023,4,9
22026,O,0
22031,I,l
22033,5,3
22040,t,F
22042,0,O
22054,0,O
22058,O,D
22066,4,M
22075,W,w
22079,I,1
22081,s,S
22083,b,6
22092,X,x
22103,1,l
22121,x,X
22126,1,I
22127,O,0
22137,l,1
22142,m,M
22151,1,l
22152,l,I
22160,I,1
22176,l,1
22184,s,S
22195,r,T
22196,W,w
22217,z,2
22218,c,C
22222,T,t
22302,F,4
22319,W,M
22336,O,0
22346,p,P
22364,S,5
22365,l,1
22369,o,O
22382,G,6
22391,l,1
22398,q,9
22408,O,0
22414,Y,y
22417,l,1
22421,u,U
22442,O,0
22445,5,3
22458,O,0
22461,g,q
22467,l,1
22469,c,C
22473,h,n
22477,V,J
22487,z,2
22493,o,0
22505,I,l
22510,O,0
22517,7,Y
22520,t,T
22523,1,l
22527,G,K
22529,p,P
22538,o,0
22544,t,T
22546,V,v
22554,g,9
22565,w,W
22571,o,O
22576,l,1
22587,5,S
22600,O,0
22601,c,C
22602,k,K
22604,S,5
22621,0,O
22623,O,0
22628,q,9
22629,u,U
22632,z,2
22636,s,S
22649,I,1
22667,1,I
22668,m,M
22685,p,P
22689,y,4
22691,s,S
22692,g,9
22693,9,4
22696,o,0
22703,h,L
22705,P,p
22706,S,5
22718,O,0
22721,4,A
22723,l,1
22732,0,a
22744,I,1
22746,l,1
22755,I,1
22775,O,0
22779,o,0
22781,f,F
22787,1,l
22792,O,0
22802,Z,z
22803,s,S
22804,o,O
22808,l,1
22809,l,1
22816,v,V
22825,O,0
22826,R,e
22833,u,U
22834,l,1
22850,O,0
22855,l,I
22870,O,0
22871,Y,4
22874,s,S
22883,m,M
22890,O,0
22892,v,V
22904,C,6
22919,5,S
22922,X,x
22927,O,0
22934,g,9
22944,z,2
22948,4,U
22956,m,M
22957,v,U
22990,f,F
22996,V,v
22998,O,0
23000,z,2
23004,m,M
23005,H,N
23009,l,I
23011,1,l
23012,g,9
23013,O,0
23021,V,v
23022,1,l
23026,O,0
23036,m,M
23039,3,7
23043,O,0
23044,I,l
23061,t,F
23070,O,0
23071,I,l
23072,l,1
23082,O,0
23090,d,a
23094,I,1
23104,I,1
23106,X,x
23124,o,O
23129,a,A
23130,0,O
23133,T,7
23134,t,f
23138,C,e
23152,f,F
23155,I,1
23159,T,t
23171,u,U
23180,O,0
23189,l,1
23190,l,1
23199,x,y
23210,z,2
23213,O,0
23235,k,K
23250,5,S
23251,f,F
23256,p,P
23263,f,F
23264,l,1
23287,I,1
23288,0,O
23297,O,0
23300,2,z
23313,O,0
23325,q,9
23331,l,1
23338,0,O
23359,5,S
23365,O,0
23371,o,0
23375,X,x
23376,0,O
23382,O,0
23386,c,C
23400,0,O
23402,0,O
23407,l,I
23415,m,M
23434,I,1
23435,y,Y
23445,l,1
23450,O,0
23452,0,O
23453,s,S
23462,9,g
23471,f,F
23474,W,w
23484,I,1
23493,I,1
23523,l,I
23525,c,C
23529,j,i
23531,I,1
23532,o,O
23536,I,1
23542,l,1
23543,I,1
23556,1,l
23566,u,U
23572,y,v
23574,O,0
23597,O,0
23601,I,1
23610,l,I
23619,0,Q
23620,0,O
23626,O,0
23634,l,1
23635,I,1
23637,0,O
23640,q,9
23642,q,9
23650,C,0
23657,X,x
23667,f,F
23678,I,1
23692,s,S
23696,l,1
23698,p,P
23723,P,p
23729,l,1
23740,q,9
23741,f,F
23743,O,0
23751,S,5
23765,x,t
23770,p,P
23780,o,O
23789,x,X
23791,O,0
23798,y,4
23802,l,1
23833,n,N
23836,m,M
23839,w,W
23843,d,l
23845,m,M
23865,l,1
23868,J,5
23870,D,0
23875,v,V
23884,k,K
23891,I,1
23893,u,U
23897,I,l
23898,S,g
23907,O,0
23913,f,F
23943,s,S
23947,0,O
23951,m,M
23965,I,l
23972,i,j
23973,y,U
23977,S,5
23978,n,I
24003,1,l
24007,0,O
24011,k,K
24017,0,O
24021,q,9
24023,l,1
24037,k,K
24043,5,S
24044,k,e
24045,e,a
24047,u,4
24048,d,n
24049,x,X
24053,k,K
24065,S,5
24066,4,A
24085,L,K
24093,1,l
24105,o,0
24106,l,I
24142,O,0
24143,u,U
24147,O,0
24162,q,9
24165,l,1
24171,6,U
24177,O,0
24181,O,0
24195,I,1
24196,y,4
24217,0,O
24220,q,9
24226,1,l
24230,O,0
24238,l,1
24264,m,M
24279,0,O
24281,c,C
24286,O,0
24302,1,I
24318,l,1
24329,l,L
24335,0,O
24339,l,1
24354,u,U
24359,c,C
24365,O,0
24376,7,j
24381,q,9
24415,r,t
24435,c,C
24437,O,0
24439,l,1
24455,l,1
24463,l,1
24476,s,S
24500,5,b
24515,G,6
24526,t,4
24536,v,V
24538,t,F
24541,O,0
24553,q,9
24555,f,F
24557,c,C
24563,Y,4
24566,l,1
24571,s,S
24575,0,O
24578,X,x
24581,V,v
24584,l,1
24590,O,0
24597,O,0
24607,v,U
24610,l,1
24615,1,l
24616,n,a
24620,f,F
24642,v,y
24643,g,9
24644,x,X
24657,0,O
24661,l,1
24673,E,e
24675,g,9
24693,0,O
24714,0,O
24756,2,z
24759,l,1
24771,8,g
24775,7,F
24786,I,1
24796,m,M
24823,S,U
24827,O,0
24832,2,L
24835,0,O
24838,j,J
24846,1,I
24852,y,U
24869,l,I
24874,0,O
24891,u,U
24906,I,1
24916,O,0
24920,l,1
24923,I,l
24926,O,0
24937,1,I
24942,q,9
24946,k,K
24948,I,l
24958,v,U
24960,s,S
24966,O,0
24968,0,O
24978,c,C
24981,s,S
25005,O,0
25026,m,M
25030,1,I
25031,0,O
25033,I,1
25038,l,1
25044,6,4
25049,V,r
25052,s,S
25066,y,Y
25069,V,v
25077,0,O
25081,I,1
25093,l,1
25095,q,P
25096,Y,r
25102,l,1
25105,O,0
25107,6,U
25118,p,P
25119,v,V
25130,O,0
25132,O,0
25136,l,1
25138,s,S
25140,v,V
25163,1,l
25178,I,1
25182,D,O
25189,f,F
25190,g,9
25194,e,a
25223,i,j
25232,l,1
25242,l,1
25263,u,U
25272,P,p
25282,3,g
25287,l,1
25290,I,x
25291,l,1
25307,Z,2
25320,O,0
25345,l,I
25355,l,L
25360,u,U
25363,0,O
25365,I,1
25372,r,h
25377,f,F
25384,1,l
25388,Q,a
25391,0,O
25395,u,U
25412,t,4
25443,i,j
25446,l,1
25459,s,S
25468,0,O
25477,0,B
25485,u,U
25492,X,x
25493,0,O
25494,l,1
25501,I,1
25505,s,S
25511,1,l
25541,0,O
25545,1,l
25559,J,j
25570,0,O
25574,p,P
25576,5,r
25577,h,b
25584,l,1
25593,1,I
25596,l,1
25600,O,C
25604,l,1
25608,J,T
25616,j,J
25617,t,T
25618,0,O
25619,z,2
25627,O,0
25642,O,0
25645,c,C
25649,l,1
25652,6,b
25661,I,1
25668,m,M
25672,b,6
25681,2,7
25683,l,I
25689,y,Y
25693,n,h
25695,1,I
25696,q,9
25697,1,l
25714,O,0
25726,q,9
25730,p,P
25763,l,1
25765,I,l
25774,J,U
25777,k,K
25779,z,Z
25780,y,4
25786,9,g
25791,J,F
25793,j,J
25800,0,O
25802,5,S
25803,g,9
25808,l,1
25813,l,1
25815,u,U
25821,C,e
25822,0,O
25823,0,O
25827,I,1
25833,O,0
25861,c,C
25868,t,T
25869,Z,z
25876,o,0
25881,l,1
25883,l,I
25887,O,0
25897,1,l
25898,3,a
25905,l,1
25911,0,O
25923,u,U
25927,I,E
25934,C,r
25941,i,I
25948,O,0
25954,9,q
25961,m,M
25963,O,0
25975,o,O
25979,V,v
25981,l,1
25983,Z,F
25988,D,O
25989,4,Y
25993,O,0
25994,1,I
26022,7,t
26035,0,O
26047,k,K
26051,c,C
26053,Z,z
26057,A,1
26061,I,1
26071,l,1
26079,O,0
26109,4,Y
26110,o,0
26111,0,O
26113,m,M
26114,l,1
26115,O,0
26124,o,O
26128,V,v
26129,I,1
26135,1,l
26146,1,l
26147,t,E
26148,s,S
26152,o,3
26159,I,1
26165,g,q
26168,V,v
26174,8,F
26185,0,O
26186,i,1
26187,l,1
26197,q,9
26199,1,I
26203,c,C
26209,l,1
26224,y,Y
26228,O,0
26244,O,0
26246,l,1
26257,1,I
26263,f,F
26266,O,0
26275,0,O
26278,J,j
26285,V,U
26301,1,l
26309,p,P
26316,5,S
26330,S,5
26333,p,P
26334,o,0
26345,l,1
26349,l,1
26358,o,0
26366,I,1
26367,3,5
26384,I,1
26386,z,g
26392,5,S
26413,s,S
26421,k,K
26432,O,0
26438,m,M
26452,z,Z
26461,f,t
26515,X,x
26539,8,B
26545,c,C
26548,s,S
26557,P,D
26561,a,n
26570,c,C
26575,I,1
26577,l,L
26586,y,4
26591,Y,x
26616,o,0
26618,s,5
26621,0,O
26628,I,1
26631,5,S
26633,S,5
26640,l,1
26645,g,S
26652,u,U
26665,J,5
26672,6,e
26677,F,t
26678,O,D
26681,s,S
26684,l,1
26692,c,C
26700,d,n
26708,T,t
26718,c,C
26725,s,S
26741,l,1
26744,q,9
26752,j,J
26753,1,l
26758,1,l
26767,v,r
26771,5,S
26779,1,I
26781,9,8
26790,n,U
26795,I,1
26825,s,S
26827,V,r
26830,I,1
26832,l,1
26838,l,1
26842,p,R
26847,V,U
26854,G,6
26865,s,S
26868,F,E
26871,A,N
26874,I,1
26875,O,0
26881,u,U
26913,l,1
26919,X,x
26922,O,0
26923,p,P
26941,5,S
26945,o,0
26949,a,A
26966,I,l
26985,0,O
26991,l,I
26994,m,M
27003,V,v
27010,l,1
27016,f,F
27022,0,O
27037,0,O
27039,1,l
27048,L,l
27061,l,1
27079,I,1
27091,0,O
27095,P,p
27105,z,8
27114,f,F
27118,8,g
27119,O,0
27126,I,1
27145,l,I
27196,O,0
27200,l,1
27211,l,1
27214,l,1
27221,u,U
27235,s,S
27243,O,0
27267,m,M
27269,1,l
27273,l,1
27275,V,v
27296,p,P
27301,1,l
27305,a,u
27313,5,S
27322,M,n
27335,n,2
27336,o,O
27340,q,9
27351,0,O
27379,O,0
27386,m,M
27387,C,e
27390,5,S
27406,l,L
27425,v,V
27435,0,O
27436,T,t
27438,l,I
27443,S,5
27462,1,l
27469,W,w
27480,O,0
27486,l,1
27504,l,1
27505,o,O
27506,O,0
27513,8,P
27519,0,O
27520,f,F
27524,r,R
27537,t,T
27542,o,O
27544,t,r
27545,I,1
27547,8,5
27560,U,0
27561,I,l
27573,I,1
27581,w,W
27588,O,0
27595,s,S
27601,c,C
27610,S,5
27611,O,0
27612,7,T
27624,I,1
27631,m,M
27661,l,1
27666,P,p
27677,l,1
27687,0,O
27691,1,l
27692,1,I
27697,0,O
27700,2,a
27708,i,I
27709,l,1
27747,4,F
27760,o,0
27778,l,1
27781,l,1
27783,w,W
27785,T,t
27789,0,O
27793,C,e
27795,r,R
27803,l,1
27804,0,O
27809,O,0
27810,O,0
27812,o,O
27818,n,N
27826,V,Y
27830,q,9
27842,K,k
27843,P,p
27847,N,A
27855,l,1
27862,O,0
27887,t,h
27895,v,V
27901,4,U
27905,O,0
27909,l,1
27912,c,C
27929,l,7
27934,o,0
27939,0,O
27941,5,S
27950,i,1
27953,J,j
27954,l,1
27956,0,O
27964,b,Q
27970,I,1
27978,T,t
27979,O,0
27980,5,S
27996,s,S
28000,0,D
28004,b,B
28005,I,1
28006,z,2
28012,0,U
28024,v,V
28027,l,1
28028,1,l
28034,u,U
28042,l,1
28044,1,l
28054,f,F
28058,I,1
28060,1,I
28062,O,0
28071,l,1
28072,s,S
28073,0,O
28076,f,F
28105,q,9
28107,I,l
28108,w,W
28118,I,1
28135,F,E
28138,Y,y
28160,u,U
28166,1,I
28171,1,l
28177,l,1
28181,V,v
28186,X,x
28195,2,Q
28236,X,x
28247,c,C
28249,O,0
28250,S,5
28258,O,0
28262,0,D
28263,I,1
28267,V,v
28268,l,1
28270,q,9
28295,0,C
28296,f,F
28299,l,1
28306,q,a
28316,I,1
28320,e,E
28341,1,l
28343,I,1
28345,V,v
28353,l,1
28356,P,p
28357,1,l
28361,q,a
28364,5,S
28368,l,I
28374,c,C
28404,s,S
28406,i,I
28413,H,4
28415,m,M
28417,O,0
28419,i,1
28425,0,O
28428,O,0
28430,b,h
28442,u,U
28449,o,O
28452,Y,y
28466,j,J
28470,O,0
28473,V,v
28483,0,O
28512,O,0
28521,1,I
28526,a,2
28540,O,0
28541,0,O
28542,6,b
28549,c,C
28559,l,1
28560,f,F
28567,d,j
28568,f,F
28575,c,C
28578,g,9
28584,1,L
28604,u,U
28608,8,g
28610,j,J
28611,l,1
28619,s,S
28621,Q,a
28628,a,9
28632,s,S
28633,z,e
28642,l,1
28648,o,0
28649,I,l
28653,p,P
28664,0,O
28668,6,b
28683,l,I
28703,0,O
28710,m,M
28720,Z,2
28723,O,0
28728,w,W
28737,1,l
28756,O,0
28774,O,0
28785,l,1
28791,g,9
28798,I,1
28810,0,O
28813,I,1
28819,O,0
28824,q,9
28835,O,0
28839,S,5
28848,O,0
28853,l,1
28873,u,U
28881,z,Z
28891,1,I
28892,a,A
28895,h,4
28906,m,M
28922,E,t
28926,H,n
28928,m,M
28935,I,1
28940,1,I
28945,0,O
28972,l,1
28981,l,1
28985,l,1
29001,f,F
29008,f,F
29012,I,1
29027,l,1
29043,4,8
29045,l,1
29054,l,1
29061,0,O
29074,I,1
29077,5,S
29078,6,C
29080,O,0
29081,l,I
29097,l,1
29099,v,V
29102,O,0
29117,l,1
29120,a,9
29122,O,0
29136,O,0
29147,Y,4
29151,0,O
29153,l,1
29161,I,l
29162,1,l
29165,O,0
29171,l,1
29179,5,S
29180,f,F
29188,f,F
29194,T,t
29195,l,1
29203,m,M
29205,1,l
29210,O,0
29211,X,x
29229,f,F
29252,z,2
29255,Y,y
29259,T,t
29270,m,M
29283,O,0
29289,V,v
29290,k,K
29296,l,1
29313,E,e
29325,O,0
29328,I,l
29332,D,0
29334,I,l
29349,z,2
29366,p,P
29395,O,0
29397,q,V
29409,1,l
29410,p,P
29413,O,0
29416,O,0
29418,t,I
29419,u,U
29442,O,0
29445,O,0
29446,O,0
29455,m,M
29456,i,1
29457,l,1
29460,I,1
29461,p,P
29464,o,0
29465,l,1
29468,O,0
29478,O,0
29482,c,C
29486,5,S
29494,O,0
29510,0,O
29514,o,0
29515,M,7
29519,y,Y
29520,l,1
29523,o,O
29547,l,1
29550,O,0
29564,y,4
29588,Y,y
29593,0,O
29596,X,x
29606,K,k
29610,0,O
29623,2,z
29627,u,U
29646,l,1
29647,O,0
29654,C,e
29655,1,I
29673,O,0
29678,I,1
29679,t,T
29680,l,1
29685,5,S
29716,l,1
29723,s,S
29727,l,1
29733,s,S
29736,s,S
29741,C,e
29747,I,1
29770,s,S
29775,g,9
29783,1,l
29787,0,O
29789,I,1
29805,I,1
29807,u,U
29808,I,1
29820,l,1
29833,r,R
29839,0,O
29849,T,t
29858,W,w
29864,n,M
29878,I,1
29879,v,V
29881,Z,z
29884,v,V
29908,U,V
29909,c,C
29913,I,1
29936,K,k
29937,l,I
29947,I,1
29952,D,Q
29966,0,D
29967,p,P
29983,I,1
29991,O,d
29996,0,O
30000,0,O
30011,P,R
30012,l,1
30014,c,C
30024,O,0
30025,m,M
30030,g,9
30035,5,S
30042,u,U
30044,O,0
30049,o,0
30056,D,0
30057,O,0
30060,Z,2
30064,I,1
30065,F,t
30075,g,S
30085,S,5
30098,I,1
30103,u,U
30107,k,K
30108,i,I
30127,v,V
30137,O,0
30142,m,M
30151,m,M
30156,I,l
30178,p,P
30180,l,1
30197,n,N
30200,F,T
30207,V,Y
30238,5,S
30261,l,I
30270,T,t
30276,f,F
30285,p,P
30295,l,1
30314,l,1
30320,m,M
30325,I,1
30337,I,l
30341,f,F
30343,l,1
30345,q,4
30358,g,q
30359,p,P
30360,O,0
30371,0,O
30393,O,0
30420,K,k
30430,o,O
30439,m,M
30446,o,O
30450,q,g
30477,1,I
30478,O,0
30509,p,P
30513,0,O
30519,s,9
30529,i,1
30531,O,0
30535,1,I
30543,5,S
30557,O,0
30563,X,t
30568,W,w
30578,O,0
30598,V,U
30608,l,1
30609,T,t
30624,j,J
30629,l,1
30630,f,F
30637,A,4
30659,l,I
30663,W,w
30669,S,9
30674,I,1
30681,o,0
30684,m,M
30695,j,J
30697,O,0
30701,i,I
30704,I,1
30716,o,O
30728,V,v
30736,l,1
30737,l,1
30749,u,U
30762,c,C
30775,m,M
30785,u,U
30786,I,1
30797,J,j
30820,1,l
30824,f,F
30836,K,k
30837,C,e
30842,e,C
30850,O,0
30852,I,1
30858,l,1
30876,O,0
30887,S,5
30898,g,8
30912,5,6
30928,l,1
30933,J,j
30934,6,L
30954,v,V
30965,m,M
30967,o,O
30968,f,F
30993,2,z
30995,l,1
31004,k,r
31015,0,O
31023,O,0
31033,l,I
31088,l,1
31107,f,F
31108,q,9
31125,R,e
31141,U,u
31143,e,E
31156,0,O
31157,O,0
31159,O,0
31163,w,W
31168,K,k
31180,l,I
31183,G,6
31193,p,P
31223,l,1
31237,u,U
31242,l,1
31243,O,0
31246,D,0
31251,l,1
31252,l,4
31256,O,0
31257,q,4
31269,P,p
31276,7,Y
31277,O,0
31284,I,1
31287,O,0
31290,O,0
31296,O,0
31298,M,m
31307,5,S
31323,f,F
31325,l,1
31343,D,8
31345,4,H
31350,l,1
31370,t,1
31383,h,b
31392,0,O
31408,0,O
31410,X,x
31415,1,l
31433,O,0
31439,s,S
31446,W,w
31453,S,5
31469,S,5
31474,s,5
31478,q,9
31479,l,I
31480,0,O
31483,v,Y
31494,r,R
31501,S,5
31502,o,D
31513,o,O
31514,Z,2
31518,O,0
31533,v,r
31540,l,1
31541,V,v
31548,t,T
31549,O,0
31572,Z,z
31583,n,N
31584,0,O
31598,c,C
31602,O,0
31612,X,x
31615,h,6
31622,w,W
31637,v,V
31640,l,I
31650,2,z
31659,q,9
31679,I,l
31684,N,n
31692,y,Y
31724,0,O
31726,O,0
31728,l,1
31731,O,0
31736,u,U
31749,s,S
31752,S,5
31757,0,O
31759,4,9
31766,O,0
31773,O,0
31787,o,O
31789,V,v
31794,4,Y
31802,V,v
31833,l,1
31837,1,I
31839,c,C
31853,C,e
31864,a,2
31869,o,O
31879,K,k
31897,v,V
31914,P,p
31918,p,P
31919,o,0
31931,1,L
31955,y,4
31971,V,v
31972,L,l
31980,8,2
31981,0,O
31998,m,M
32005,S,5
32008,o,0
32027,O,0
32045,i,1
32047,A,H
32072,o,O
32083,p,P
32096,O,0
32102,c,C
32110,Z,2
32111,c,C
32115,d,O
32119,s,S
32150,O,0
32157,0,O
32162,4,A
32183,j,l
32209,0,O
32214,W,w
32229,0,O
32230,z,2
32233,l,1
32237,W,w
32250,o,O
32253,u,U
32260,l,1
32264,g,B
32265,Y,y
32268,m,M
32279,I,l
32283,l,1
32296,I,1
32310,a,2
32327,X,x
32332,O,0
32335,0,O
32336,u,U
32344,0,O
32353,l,1
32364,l,1
32383,1,l
32386,m,M
32411,I,1
32425,I,1
32427,O,0
32428,l,1
32434,i,1
32447,g,Q
32464,l,I
32481,l,1
32485,y,v
32488,9,g
32490,r,R
32495,l,1
32526,l,1
32528,l,1
32536,r,t
32539,t,T
32546,s,S
32551,S,5
32556,0,O
32566,l,1
32574,w,W
32575,1,I
32576,5,S
32582,u,U
32585,x,K
32588,l,I
32589,q,9
32590,I,1
32591,q,9
32593,d,a
32624,c,C
32626,i,j
32638,l,L
32641,0,O
32642,v,V
32644,O,0
32647,g,q
32649,m,M
32650,X,x
32651,l,1
32669,g,8
32673,0,O
32679,O,0
32703,u,U
32709,c,C
32711,0,O
32713,l,L
32714,s,S
32715,O,0
32720,S,5
32722,g,9
32725,M,N
32738,I,1
32756,c,C
32761,s,S
32763,9,g
32765,d,a
32769,i,I
32772,c,C
32778,k,K
32779,0,O
32783,J,j
32784,l,1
32790,c,C
32795,1,I
32801,0,O
32811,h,L
32813,c,C
32823,f,F
32824,O,0
32828,4,9
32831,T,7
32834,I,1
32840,y,Y
32844,1,l
32846,v,V
32855,l,1
32869,H,M
32873,O,0
32882,0,O
32892,0,O
32897,O,0
32913,O,0
32927,H,K
32951,0,O
32953,g,9
32954,s,S
32959,q,9
32960,a,C
32961,L,C
32968,O,0
32969,z,2
32977,H,4
32991,1,I
33002,l,1
33005,u,U
33007,I,1
33018,W,w
33021,O,0
33026,1,L
33041,f,F
33052,V,v
33060,z,Z
33062,2,z
33064,0,O
33076,0,O
33084,O,0
33087,f,F
33093,q,Y
33124,5,S
33127,0,O
33128,V,v
33131,u,U
33157,Z,z
33162,M,n
33163,c,C
33172,1,I
33179,j,i
33183,O,0
33186,1,l
33190,i,1
33195,m,M
33198,o,O
33212,S,5
33224,i,I
33225,j,J
33228,2,a
33242,I,1
33254,0,O
33260,O,0
33269,Z,z
33287,0,O
33291,a,9
33302,O,0
33305,1,7
33322,l,1
33331,m,M
33336,v,U
33348,g,9
33349,2,a
33350,o,O
33355,0,O
33359,C,F
33362,o,0
33380,l,1
33382,2,z
33405,o,O
33407,O,0
33409,O,0
33411,h,n
33432,I,1
33434,5,S
33439,O,0
33441,V,U
33445,o,O
33463,p,P
33467,l,1
33472,i,I
33498,5,S
33514,O,0
33523,l,1
33525,c,C
33530,l,1
33532,5,S
33536,V,v
33539,m,M
33556,f,F
33562,g,9
33563,c,C
33571,l,k
33592,u,U
33597,l,1
33599,5,S
33601,Z,2
33602,q,9
33606,O,0
33630,f,F
33634,y,v
33639,s,S
33648,I,1
33652,O,0
33654,g,9
33671,W,w
33675,u,U
33677,O,0
33696,s,S
33701,l,1
33702,f,F
33710,v,V
33719,v,V
33731,I,1
33752,U,0
33756,0,O
33765,0,O
33766,0,O
33772,f,F
33774,1,l
33778,O,0
33779,G,6
33784,l,1
33798,O,0
33810,m,M
33813,Y,4
33833,O,0
33838,u,U
33872,w,W
33879,0,O
33880,m,M
33881,S,5
33882,l,I
33889,l,1
33891,n,N
33900,y,U
33932,O,0
33936,0,O
33937,i,l
33946,f,F
33952,l,1
33953,I,1
33965,z,Z
33970,D,0
33974,1,I
33983,I,l
33985,l,1
33993,0,O
34005,y,M
34007,z,Z
34011,0,O
34017,1,l
34020,l,1
34040,5,S
34041,u,U
34048,x,4
34068,B,D
34074,l,I
34105,k,K
34129,g,9
34135,5,S
34136,O,0
34140,P,p
34146,l,1
34168,Y,y
34172,0,O
34173,l,1
34188,0,O
34194,I,1
34195,O,0
34198,l,I
34199,I,1
34214,l,1
34239,m,M
34242,p,P
34257,O,0
34272,s,S
34273,l,1
34274,Z,2
34282,V,v
34295,Z,2
34311,5,S
34320,O,0
34325,O,0
34328,O,0
34332,0,D
34351,0,O
34356,1,l
34362,Y,V
34364,0,O
34367,l,1
34368,f,F
34370,I,1
34373,u,U
34376,0,O
34379,e,E
34380,S,5
34392,5,S
34397,s,S
34400,g,9
34404,V,U
34405,O,0
34408,f,F
34426,2,7
34428,V,v
34454,f,F
34455,6,b
34461,w,W
34464,0,O
34476,o,0
34486,c,C
34496,c,C
34504,u,U
34509,T,t
34516,I,1
34530,0,O
34543,I,1
34553,c,C
34559,q,P
34570,p,P
34571,p,P
34582,O,0
34585,l,1
34599,I,1
34602,b,6
34606,O,0
34610,l,1
34611,I,1
34646,p,P
34648,0,O
34655,o,O
34670,1,7
34691,l,1
34701,m,M
34710,q,8
34712,B,R
34715,Q,g
34735,0,O
34740,s,S
34741,m,M
34742,f,F
34747,v,V
34766,O,0
34768,p,e
34772,j,J
34775,V,v
34783,6,b
34787,g,9
34791,c,C
34792,S,5
34807,u,U
34820,O,0
34825,l,1
34827,0,O
34830,I,1
34832,O,0
34834,O,0
34837,2,v
34839,O,0
34840,1,L
34848,n,a
34849,3,J
34850,o,0
34856,0,O
34873,o,D
34880,O,0
34885,o,O
34886,g,9
34897,0,O
34905,1,I
34908,I,1
34914,V,v
34931,c,C
34932,i,I
34943,Z,z
34949,f,F
34957,c,C
34964,O,0
34966,f,F
34994,l,1
34999,I,l
35000,q,5
35017,r,R
35018,Y,y
35019,j,5
35035,o,O
35041,l,1
35044,i,I
35045,n,N
35047,O,0
35049,u,U
35063,1,I
35079,f,F
35083,0,O
35084,5,S
35095,I,1
35100,5,S
35108,I,l
35122,O,0
35138,c,C
35145,5,S
35152,I,l
35161,O,0
35163,O,0
35176,0,O
35181,I,1
35183,r,V
35192,I,1
35195,i,j
35197,l,1
35199,v,y
35206,5,S
35210,0,O
35214,s,S
35216,1,l
35222,2,a
35231,m,M
35234,I,n
35237,5,S
35266,g,9
35267,6,b
35271,l,1
35272,O,0
35304,5,S
35309,o,O
35318,D,O
35320,5,S
35327,u,U
35339,l,1
35343,I,1
35355,o,0
35368,I,l
35379,l,1
35380,4,A
35386,l,1
35395,9,q
35408,g,9
35422,0,O
35432,o,0
35440,e,C
35453,w,W
35454,a,7
35456,O,0
35492,X,x
35493,J,j
35494,l,L
35495,O,0
35513,I,1
35521,O,0
35525,8,P
35528,l,1
35529,I,1
35535,V,v
35540,l,1
35542,X,x
35589,a,2
35590,p,P
35594,Y,y
35604,v,V
35614,O,0
35616,0,O
35617,e,a
35628,o,O
35629,g,2
35635,W,w
35643,8,C
35646,I,1
35648,o,O
35651,O,0
35653,O,0
35657,o,2
35662,t,4
35672,O,0
35674,S,5
35677,X,x
35686,O,0
35705,m,M
35710,C,e
35711,W,w
35716,u,U
35721,1,l
35726,5,3
35728,C,e
35731,O,0
35748,0,O
35752,O,0
35758,o,0
35761,i,I
35767,d,2
35774,O,0
35781,W,w
35800,z,2
35806,h,H
35833,I,1
35841,G,6
35848,l,1
35849,l,1
35868,0,O
35874,1,l
35876,i,I
35879,o,O
35880,l,1
35881,1,l
35882,l,I
35887,l,1
35905,l,1
35908,u,U
35911,D,b
35922,I,1
35935,c,C
35940,o,O
35955,h,L
35972,O,0
35975,V,v
35987,o,0
35997,P,F
36011,W,w
36017,p,P
36022,j,J
36029,V,U
36037,9,a
36045,I,r
36046,h,L
36050,1,I
36051,m,M
36061,l,1
36073,o,0
36078,I,l
36081,u,U
36101,O,0
36103,2,d
36105,V,U
36110,Y,y
36127,h,n
36157,o,0
36159,D,0
36163,c,C
36165,p,P
36188,5,S
36210,l,1
36211,y,9
36213,u,U
36221,D,O
36229,O,0
36243,o,D
36244,O,0
36248,1,I
36250,U,0
36251,v,j
36256,l,1
36260,l,1
36267,O,0
36273,r,Y
36283,0,O
36286,c,C
36287,v,r
36293,m,M
36295,u,U
36302,0,O
36332,0,O
36334,w,W
36343,Z,2
36346,O,0
36364,m,M
36373,c,C
36384,y,Y
36387,6,1
36398,s,S
36416,l,1
36425,l,I
36429,f,F
36434,Z,7
36435,O,0
36441,3,B
36442,q,9
36450,l,1
36465,z,2
36471,r,e
36485,l,1
36488,c,C
36500,V,v
36502,l,1
36505,l,1
36511,y,v
36513,o,O
36514,o,6
36536,0,O
36547,u,U
36555,I,1
36556,l,1
36559,O,0
36560,C,e
36565,O,0
36568,O,0
36588,0,O
36592,P,8
36608,o,O
36627,l,1
36632,h,n
36634,8,2
36644,s,S
36648,6,b
36670,0,O
36679,s,S
36684,8,g
36702,l,1
36708,f,F
36711,O,0
36727,o,O
36753,l,1
36755,f,F
36759,0,O
36766,q,9
36770,1,I
36779,u,U
36780,I,1
36781,s,S
36803,e,E
36820,x,N
36825,l,I
36828,5,S
36835,q,9
36837,k,K
36850,l,1
36857,0,O
36859,t,F
36862,l,1
36876,V,v
36882,V,v
36886,u,U
36900,Z,z
36907,4,v
36908,n,N
36930,m,M
36934,I,1
36952,c,C
36953,O,0
36962,O,0
36963,v,V
36971,9,g
36976,O,0
36979,u,U
36994,s,S
37004,1,l
37023,1,I
37034,l,1
37046,u,U
37048,g,q
37053,l,1
37057,O,0
37076,l,1
37077,z,Z
37088,m,M
37123,f,F
37124,1,l
37132,y,Y
37134,u,U
37137,e,O
37142,k,K
37145,O,0
37165,u,U
37170,C,e
37176,V,v
37177,S,5
37178,1,l
37179,O,0
37183,O,0
37206,k,K
37209,E,4
37213,l,1
37217,S,5
37233,1,l
37240,0,O
37245,C,e
37253,R,r
37271,m,M
37276,O,0
37278,1,l
37292,5,S
37301,W,w
37305,m,M
37306,x,4
37326,l,1
37329,1,I
37347,O,0
37350,V,U
37361,O,0
37363,0,O
37365,p,P
37375,W,w
37390,s,S
37392,l,1
37394,Z,z
37395,c,C
37419,0,O
37429,z,Z
37430,u,U
37431,I,1
37433,H,4
37436,i,I
37437,l,1
37438,l,I
37439,Y,y
37442,i,I
37445,l,1
37451,5,S
37452,Y,9
37453,0,O
37456,0,O
37459,l,1
37461,l,1
37464,x,X
37474,s,S
37475,p,P
37482,f,F
37503,l,1
37504,2,z
37514,2,z
37521,c,C
37522,5,S
37524,8,g
37529,I,1
37531,k,K
37537,g,6
37543,i,1
37557,h,n
37561,q,Q
37563,z,2
37571,5,S
37573,s,S
37588,y,Y
37591,l,1
37593,i,1
37623,c,C
37631,l,I
37635,v,V
37646,4,U
37649,u,U
37654,k,K
37668,5,S
37671,G,a
37685,r,R
37688,O,0
37690,0,O
37692,O,0
37698,B,8
37713,a,0
37715,a,A
37725,i,1
37737,g,E
37746,m,M
37748,m,M
37759,G,6
37767,l,1
37771,O,0
37772,l,1
37774,0,O
37777,0,O
37785,Y,V
37789,O,0
37790,x,X
37796,S,5
37798,z,2
37801,I,1
37804,I,1
37837,5,S
37846,l,1
37849,s,S
37852,2,Z
37859,I,1
37870,l,I
37872,0,O
37879,Y,y
37882,2,z
37890,S,5
37895,k,L
37897,a,A
37911,f,F
37913,w,W
37915,W,w
37919,w,W
37920,I,1
37922,q,a
37923,9,g
37926,e,E
37927,l,1
37928,F,t
37939,I,l
37943,0,O
37952,f,F
37954,r,R
37960,1,l
37966,l,1
37985,c,C
37991,s,S
37994,j,1
37995,H,4
38002,v,N
38008,v,V
38021,1,I
38022,n,N
38027,I,1
38030,O,0
38031,s,S
38035,y,Y
38039,c,C
38051,W,w
38058,6,L
38065,u,U
38066,u,U
38067,s,S
38085,G,6
38102,W,w
38105,Z,z
38109,l,1
38118,f,F
38127,I,1
38134,l,1
38135,S,5
38148,0,O
38174,0,O
38176,w,W
38181,f,F
38187,O,0
38190,O,0
38206,b,B
38222,I,1
38223,z,Z
38233,p,P
38237,o,O
38247,l,1
38256,S,5
38261,O,0
38267,Q,8
38269,k,K
38272,0,O
38295,l,1
38299,z,3
38300,S,5
38306,f,F
38307,l,1
38317,O,0
38321,l,1
38323,p,P
38324,V,U
38327,5,S
38329,O,0
38334,V,U
38363,0,O
38365,l,1
38371,1,l
38372,K,k
38381,e,E
38382,g,9
38383,c,C
38386,O,0
38391,I,1
38394,q,g
38395,W,w
38396,s,S
38406,I,1
38407,0,O
38409,9,g
38410,I,1
38435,I,1
38444,I,1
38445,I,1
38451,l,1
38462,i,I
38474,5,S
38475,I,1
38477,O,0
38481,g,9
38487,l,I
38495,5,S
38504,Y,y
38516,O,0
38531,j,i
38553,o,0
38556,u,U
38573,q,9
38575,V,U
38585,l,1
38587,u,U
38593,z,2
38601,o,0
38604,i,I
38611,b,6
38613,p,P
38615,v,V
38620,i,I
38632,5,S
38639,l,1
38645,O,0
38653,l,1
38658,5,S
38659,K,k
38664,l,I
38676,I,1
38700,w,W
38701,O,0
38702,5,S
38722,C,e
38728,O,0
38736,B,0
38740,u,U
38743,0,O
38750,x,X
38756,I,1
38761,i,I
38773,I,1
38782,q,9
38794,l,1
38808,q,9
38813,O,0
38819,I,1
38821,X,x
38830,I,1
38832,f,F
38841,q,9
38852,i,1
38858,c,C
38912,o,O
38925,f,S
38939,o,0
38943,l,I
38949,0,O
38961,h,K
38968,i,1
38974,l,1
38975,p,P
38978,l,1
38998,o,0
39003,z,8
39006,D,0
39013,6,h
39015,v,V
39018,c,C
39031,l,1
39043,i,1
39044,y,Y
39050,0,O
39057,l,1
39064,u,U
39081,3,j
39098,D,0
39131,9,g
39137,I,1
39145,X,x
39176,h,n
39185,q,9
39191,l,1
39195,Z,z
39197,f,t
39199,S,5
39224,v,V
39228,t,T
39244,Z,z
39253,1,I
39266,q,9
39269,I,1
39283,0,O
39292,s,2
39311,Y,4
39315,0,O
39337,0,O
39341,S,5
39356,O,0
39358,q,8
39365,q,9
39366,l,1
39371,1,l
39391,0,O
39399,w,W
39404,W,w
39411,I,l
39413,0,O
39440,I,1
39446,S,5
39448,f,F
39450,u,U
39451,9,a
39452,2,5
39461,a,2
39491,V,U
39498,l,1
39503,Y,v
39504,0,O
39505,c,C
39512,O,0
39514,O,0
39559,o,0
39564,q,9
39566,i,I
39574,O,0
39576,v,V
39589,5,S
39604,S,5
39610,9,g
39626,l,I
39637,w,N
39638,c,C
39653,o,O
39654,l,1
39655,q,8
39665,K,k
39667,O,0
39676,Y,4
39688,O,0
39691,S,5
39692,I,1
39693,l,1
39708,O,0
39712,f,F
39720,f,F
39725,i,1
39726,Y,y
39734,0,O
39735,o,0
39744,6,b
39753,l,1
39761,t,4
39803,O,0
39836,X,x
39840,u,U
39842,Z,z
39845,e,C
39869,l,1
39875,O,0
39886,F,r
39925,i,1
39932,l,I
39963,S,5
39969,O,0
39980,Y,y
39983,s,S
39984,o,0
39985,O,0
39990,l,I
39997,l,1
40038,5,S
40044,0,O
40051,I,l
40069,1,I
40070,I,1
40074,0,O
40084,O,0
40113,0,O
40115,I,1
40123,I,1
40129,r,R
40141,0,O
40142,O,0
40153,o,O
40163,s,S
40170,O,0
40172,s,S
40176,O,0
40178,i,l
40180,I,1
40201,c,C
40215,I,T
40232,z,Z
40237,0,O
40250,l,I
40258,s,S
40270,1,I
40277,o,0
40293,k,K
40294,p,P
40302,y,Y
40303,O,0
40316,m,M
40322,s,S
40341,a,2
40358,c,C
40367,5,S
40370,I,1
40372,O,0
40375,1,l
40376,i,1
40378,O,0
40380,S,5
40382,l,1
40386,m,M
40398,G,6
40407,a,9
40408,c,0
40409,c,C
40410,I,1
40419,I,1
40430,l,1
40433,R,r
40436,0,O
40438,j,J
40440,B,8
40442,I,1
40443,1,l
40464,y,Y
40465,5,S
40469,l,1
40472,k,K
40476,f,F
40477,m,M
40478,0,O
40481,V,U
40491,0,O
40518,b,x
40536,I,1
40540,m,M
40553,q,9
40564,p,P
40570,I,1
40579,n,N
40580,f,F
40581,I,1
40585,s,A
40607,0,O
40608,z,2
40610,c,C
40614,s,S
40619,l,1
40621,g,a
40623,8,9
40624,O,0
40637,X,x
40646,f,F
40651,5,S
40656,Z,z
40663,O,0
40664,V,U
40668,0,O
40676,u,U
40679,I,1
40680,I,1
40686,0,O
40687,l,1
40690,m,M
40700,O,0
40707,s,S
40719,q,a
40726,G,6
40730,1,7
40731,g,9
40737,l,1
40742,l,1
40746,l,1
40762,W,w
40764,I,1
40771,S,5
40776,L,6
40782,S,5
40785,0,O
40788,l,1
40792,p,P
40793,2,Z
40803,l,1
40804,6,h
40810,b,6
40827,q,9
40831,0,O
40838,w,U
40851,1,I
40873,S,5
40878,V,v
40893,o,0
40901,s,S
40904,o,0
40910,0,O
40925,c,C
40926,8,Y
40934,C,L
40939,O,a
40956,W,w
40977,O,0
41002,Z,z
41010,l,1
41021,O,0
41027,s,S
41028,p,P
41030,q,a
41037,l,1
41044,G,6
41058,q,Q
41059,9,g
41063,I,1
41068,l,1
41071,1,l
41074,u,U
41078,O,0
41079,I,1
41105,0,O
41120,O,0
41132,m,M
41145,l,1
41164,l,1
41165,U,d
41177,8,S
41181,W,w
41185,l,1
41201,V,Y
41203,i,I
41208,u,U
41211,0,O
41216,J,j
41222,V,v
41225,x,X
41228,l,1
41233,i,1
41244,i,1
41246,f,F
41247,I,1
41258,g,9
41268,1,l
41275,q,9
41281,P,8
41319,y,Y
41324,O,0
41336,q,9
41349,l,1
41367,i,1
41373,l,1
41393,O,0
41414,0,O
41419,a,A
41428,p,e
41436,T,r
41447,u,U
41454,l,1
41460,W,w
41461,O,0
41476,e,h
41478,l,1
41494,0,O
41499,O,0
41504,l,1
41505,m,M
41516,0,O
41522,O,0
41523,I,l
41525,s,S
41545,O,0
41551,2,z
41553,q,9
41554,0,O
41564,1,l
41577,D,0
41585,V,v
41589,o,O
41624,c,C
41628,s,S
41629,q,9
41631,4,Y
41635,0,O
41641,O,0
41648,a,2
41652,l,1
41659,I,1
41662,s,S
41692,J,d
41701,9,g
41709,0,O
41719,0,O
41740,I,1
41743,Q,q
41760,g,9
41772,x,t
41780,I,l
41790,J,j
41798,I,1
41802,O,0
41811,m,M
41822,s,S
41826,m,M
41837,m,M
41838,V,v
41839,I,1
41841,1,l
41863,O,0
41868,O,0
41874,g,9
41886,m,M
41892,p,P
41897,S,5
41901,q,9
41904,q,9
41905,o,O
41916,O,0
41923,l,1
41928,O,S
41929,Z,2
41930,x,X
41937,0,C
41943,0,O
41952,c,C
41954,f,F
41956,4,9
41978,G,6
41983,X,x
41987,o,0
41989,m,M
41998,l,1
42006,s,D
42019,T,r
42022,m,M
42024,P,p
42025,z,Z
42026,o,O
42028,I,1
42035,O,0
42040,j,J
42042,a,O
42049,0,O
42051,Z,z
42053,X,x
42061,l,1
42064,x,X
42066,C,e
42071,b,S
42091,O,0
42095,1,l
42097,i,1
42099,O,0
42112,5,S
42116,o,O
42121,T,r
42131,6,b
42135,X,x
42149,6,b
42150,l,1
42156,i,l
42175,l,1
42193,a,2
42194,l,1
42195,a,A
42202,z,2
42203,q,9
42206,0,O
42211,0,O
42234,z,Z
42244,X,x
42247,Y,r
42252,O,0
42254,V,v
42260,l,1
42261,u,U
42272,0,O
42282,l,I
42292,t,T
42297,c,C
42298,O,0
42300,u,U
42302,p,P
42307,h,L
42308,I,1
42311,g,9
42323,T,C
42334,Y,x
42338,0,O
42343,l,1
42345,0,O
42350,O,0
42353,u,U
42359,6,G
42362,c,C
42380,W,w
42392,f,F
42402,u,U
42421,l,1
42426,T,t
42438,9,g
42475,g,n
42482,0,8
42483,0,O
42499,y,Y
42501,z,2
42512,s,S
42518,O,0
42523,m,M
42528,O,0
42542,m,M
42547,O,0
42548,I,1
42550,O,0
42556,Y,4
42558,O,0
42560,0,O
42571,I,1
42580,X,x
42587,I,1
42589,O,0
42593,i,1
42595,O,0
42602,y,4
42606,u,U
42608,l,1
42609,X,x
42611,I,1
42614,l,1
42615,0,O
42623,l,I
42628,0,n
42629,v,U
42634,J,I
42636,t,T
42650,O,0
42656,S,5
42666,g,q
42668,f,F
42669,1,I
42682,l,1
42690,9,7
42700,3,B
42705,c,C
42711,j,i
42714,O,0
42721,2,Z
42725,l,1
42729,f,F
42740,l,6
42745,C,e
42756,H,4
42763,O,0
42768,V,r
42770,O,0
42804,l,I
42812,1,I
42815,0,O
42817,O,0
42818,l,1
42826,c,C
42827,b,6
42838,O,0
42869,t,T
42888,O,0
42894,R,K
42898,O,0
42902,0,O
42914,f,F
42917,c,e
42921,l,1
42925,g,8
42938,k,K
42941,l,1
42945,0,O
42949,P,p
42954,s,S
42963,l,1
42971,u,U
42974,k,K
42988,f,F
42989,q,9
43015,Y,v
43017,p,P
43018,l,I
43021,z,2
43035,i,1
43054,l,1
43062,f,F
43072,9,g
43083,0,O
43109,O,0
43110,J,j
43125,v,V
43126,2,r
43136,O,0
43139,n,M
43140,l,1
43141,c,C
43143,g,9
43152,0,Q
43155,l,1
43157,O,0
43159,I,1
43164,U,0
43173,6,L
43174,g,9
43180,K,k
43181,p,e
43204,k,K
43210,l,I
43214,U,4
43216,m,M
43249,O,0
43252,1,l
43255,o,O
43266,V,v
43267,O,0
43275,b,5
43284,l,1
43286,7,t
43295,1,I
43308,O,0
43324,l,1
43327,5,S
43334,l,1
43343,O,0
43347,h,n
43352,c,C
43367,0,2
43377,c,C
43379,o,0
43382,l,1
43383,O,0
43388,f,F
43396,m,M
43411,l,1
43422,B,A
43439,O,0
43449,l,I
43454,0,O
43455,j,J
43464,O,0
43467,l,I
43474,l,1
43476,O,0
43493,0,O
43507,O,0
43513,o,O
43515,V,v
43516,k,K
43546,c,C
43552,x,2
43553,q,g
43561,l,L
43567,l,1
43577,l,1
43579,f,F
43602,P,p
43614,W,w
43617,O,0
43634,l,1
43635,V,v
43640,5,S
43650,C,n
43656,1,l
43671,g,a
43672,d,2
43674,1,l
43675,l,1
43677,O,0
43679,l,1
43681,l,I
43695,F,P
43697,1,l
43699,z,2
43707,l,I
43720,O,0
43736,X,x
43738,O,0
43741,2,0
43744,O,0
43746,l,1
43750,1,I
43751,w,W
43753,1,l
43756,1,l
43757,6,0
43758,z,2
43761,l,1
43770,A,4
43775,0,O
43781,R,F
43785,y,Y
43795,f,F
43808,l,1
43812,I,1
43813,s,S
43817,1,l
43827,q,Q
43843,W,N
43847,c,C
43848,e,t
43858,l,1
43865,O,0
43866,l,1
43886,0,O
43893,O,0
43895,L,l
43906,O,0
43917,v,V
43934,l,1
43938,l,1
43942,O,0
43944,o,0
43946,i,I
43949,6,b
43950,V,v
43954,f,F
43955,Z,z
43958,l,1
43967,O,0
43978,0,O
43984,p,8
43995,I,l
43996,U,C
43998,a,A
43999,I,1
44014,O,0
44015,O,0
44038,Z,z
44040,6,b
44053,1,I
44054,a,2
44055,I,1
44057,l,1
44065,A,H
44066,5,S
44067,k,K
44077,W,w
44081,9,g
44085,T,t
44091,P,p
44093,J,5
44107,5,S
44108,2,g
44116,W,w
44128,I,l
44133,b,B
44149,h,L
44150,0,O
44155,l,1
44158,1,I
44162,O,0
44163,t,T
44164,O,0
44170,O,0
44174,I,1
44175,I,1
44176,q,9
44181,z,2
44190,I,1
44215,v,V
44217,0,O
44221,0,O
44240,t,T
44243,q,9
44246,b,6
44248,5,S
44252,0,O
44253,O,0
44313,q,8
44317,l,1
44320,s,S
44341,I,6
44343,l,1
44347,n,h
44349,Z,z
44365,E,F
44371,S,5
44378,l,1
44388,V,y
44389,o,O
44391,o,O
44398,j,J
44415,I,1
44434,S,5
44437,l,1
44453,p,P
44461,c,C
44462,l,L
44471,l,1
44481,b,6
44483,u,U
44485,u,U
44486,6,G
44494,q,a
44495,q,9
44496,b,6
44497,I,1
44506,I,1
44513,l,1
44518,0,O
44528,z,Z
44537,O,0
44540,0,O
44553,s,S
44556,s,S
44560,5,S
44566,I,1
44571,O,0
44573,P,p
44584,0,O
44594,V,U
44596,a,U
44601,w,W
44608,g,9
44618,a,2
44624,v,V
44628,P,p
44653,p,P
44657,t,T
44662,T,t
44670,l,1
44679,O,0
44688,l,1
44690,l,1
44695,V,U
44711,s,S
44713,g,q
44723,6,b
44726,0,O
44746,c,C
44750,o,O
44787,0,O
44795,V,v
44799,m,M
44808,l,1
44811,r,T
44815,z,Z
44820,g,9
44833,Y,y
44836,Y,4
44838,Y,y
44839,O,0
44846,O,0
44851,D,0
44864,w,W
44874,z,3
44880,O,0
44881,f,F
44884,5,S
44919,0,O
44924,g,9
44933,g,9
44945,0,U
44954,4,H
44958,0,O
44962,0,d
44963,w,M
44978,1,l
44987,l,1
45001,i,1
45005,l,I
45009,Z,2
45014,0,n
45023,l,1
45026,c,C
45029,I,1
45038,Z,2
45041,n,N
45058,x,X
45073,I,1
45076,V,1
45081,l,1
45104,B,G
45106,o,0
45114,q,9
45121,O,0
45135,k,K
45144,W,w
45153,T,7
45161,l,1
45164,l,1
45178,I,1
45182,W,w
45184,0,O
45189,k,K
45190,0,O
45195,V,v
45197,e,R
45203,V,U
45216,o,O
45225,O,0
45226,O,0
45238,S,5
45239,6,0
45245,5,S
45249,I,1
45254,I,1
45262,0,O
45272,I,l
45276,o,0
45279,I,1
45283,0,O
45296,l,1
45302,b,6
45310,T,7
45311,S,5
45314,L,C
45319,O,0
45337,l,1
45350,f,F
45353,u,U
45356,z,2
45357,l,1
45358,q,8
45364,l,1
45376,V,U
45384,O,0
45385,l,1
45391,s,S
45395,q,9
45400,5,S
45404,v,V
45417,I,1
45437,P,D
45440,0,Q
45448,o,0
45451,0,O
45458,q,9
45476,Q,p
45478,i,1
45503,I,1
45509,w,W
45517,m,M
45524,o,O
45538,s,S
45539,I,1
45546,0,O
45547,Z,2
45549,C,L
45558,g,9
45559,5,S
45560,c,C
45563,5,S
45576,m,M
45577,t,T
45587,0,O
45589,o,0
45596,l,1
45600,0,O
45608,O,0
45617,l,1
45638,I,1
45640,5,S
45650,c,C
45659,I,1
45660,u,U
45663,o,O
45679,f,F
45696,y,Y
45705,1,l
45712,v,V
45717,b,D
45725,I,J
45727,l,1
45732,O,0
45738,O,0
45756,5,S
45784,o,0
45789,l,1
45794,5,S
45797,O,0
45818,0,O
45837,z,2
45841,x,X
45847,l,1
45852,0,O
45854,m,M
45860,O,0
45871,H,M
45903,O,0
45908,Y,4
45914,P,p
45918,l,1
45927,0,O
45948,I,1
45950,o,0
45953,O,0
45966,u,U
45972,l,1
45983,i,1
45988,l,1
45990,l,1
45995,b,6
45996,I,1
46018,9,g
46027,v,U
46029,I,1
46030,W,w
46052,I,l
46053,o,0
46057,l,1
46058,T,t
46066,l,1
46098,Z,2
46100,f,F
46101,f,F
46103,U,y
46105,O,0
46115,l,1
46117,C,e
46119,J,3
46129,Y,4
46134,l,1
46159,O,0
46168,W,w
46187,o,0
46189,O,0
46193,i,I
46201,s,S
46202,u,U
46229,O,0
46238,a,A
46247,f,F
46263,v,V
46264,l,1
46301,O,0
46306,O,0
46311,7,n
46319,Q,a
46321,y,Y
46326,l,1
46327,A,4
46341,5,S
46351,V,v
46363,0,O
46379,0,U
46388,0,O
46392,f,F
46398,v,V
46407,I,1
46420,g,9
46425,L,h
46437,R,e
46442,I,1
46451,Z,2
46452,i,1
46457,l,1
46460,u,U
46473,x,X
46480,l,1
46481,l,1
46483,1,l
46484,W,w
46502,B,3
46506,e,t
46510,l,1
46514,t,f
46529,1,l
46534,V,v
46543,O,0
46554,9,g
46556,l,1
46562,G,S
46573,8,S
46578,O,0
46581,m,M
46585,o,0
46594,1,l
46610,1,I
46612,Z,2
46624,f,C
46625,l,1
46626,g,9
46638,n,N
46668,8,b
46674,z,7
46692,c,C
46694,l,1
46707,0,D
46710,y,Y
46713,m,M
46720,5,S
46756,O,0
46764,Y,4
46780,s,5
46801,0,D
46803,Q,9
46824,l,1
46826,O,0
46829,0,O
46840,5,S
46846,c,C
46849,P,9
46865,7,T
46879,O,a
46899,Z,z
46906,S,5
46913,l,1
46919,W,w
46936,v,V
46939,c,C
46940,8,S
46942,a,e
46964,i,I
46967,i,1
46977,v,V
46979,s,S
46985,S,5
46989,o,O
47009,I,1
47012,s,S
47016,l,1
47020,i,j
47025,O,0
47031,O,0
47038,O,0
47040,O,0
47041,I,1
47047,1,l
47050,S,5
47062,1,l
47086,Z,2
47087,s,S
47095,l,1
47097,0,O
47106,0,O
47108,W,w
47109,r,C
47112,x,X
47122,r,V
47128,l,1
47144,f,F
47154,c,C
47170,a,n
47180,3,7
47181,I,1
47193,1,l
47201,r,R
47205,O,0
47231,1,I
47240,m,M
47241,O,0
47274,S,5
47282,l,1
47293,l,1
47299,l,1
47308,a,2
47313,l,1
47327,l,1
47341,l,I
47343,f,t
47348,u,w
47350,l,1
47363,q,9
47367,9,q
47370,l,L
47382,O,0
47386,m,M
47388,l,1
47390,V,v
47402,u,U
47404,k,K
47408,I,1
47413,D,n
47415,I,1
47433,D,b
47447,u,U
47450,I,1
47467,f,F
47468,5,S
47476,0,O
47479,4,t
47482,O,0
47485,O,0
47492,c,e
47494,v,V
47499,f,F
47506,V,v
47514,O,0
47519,o,0
47531,i,1
47532,o,0
47540,g,a
47555,x,X
47567,q,9
47581,O,U
47582,J,j
47587,O,0
47619,I,1
47632,T,t
47639,0,O
47640,I,1
47641,s,S
47644,0,O
47652,I,1
47659,4,9
47661,p,P
47683,4,Y
47691,v,V
47695,2,L
47698,O,0
47706,O,0
47707,0,Q
47709,u,U
47715,Y,7
47717,l,1
47720,0,O
47728,l,1
47740,w,W
47745,O,0
47747,I,1
47754,z,2
47758,0,O
47760,O,0
47768,o,O
47777,3,S
47778,X,x
47780,l,1
47797,9,4
47799,0,O
47802,O,A
47805,1,I
47836,l,1
47839,u,U
47844,I,l
47867,O,0
47869,p,P
47877,I,1
47879,I,1
47884,6,b
47891,j,J
47900,I,1
47913,l,1
47935,O,0
47943,W,w
47949,k,K
47950,I,1
47959,I,1
47983,u,U
47986,s,5
47999,p,P
48003,k,K
48026,4,r
48046,O,0
48061,5,S
48062,0,O
48065,J,j
48068,0,O
48074,s,S
48093,K,x
48103,a,2
48107,f,F
48110,0,O
48119,E,e
48121,s,L
48136,0,O
48140,Y,V
48147,S,5
48154,3,S
48164,0,O
48169,i,1
48170,s,S
48180,l,1
48197,l,1
48205,l,1
48206,l,1
48208,u,U
48210,P,p
48217,u,U
48229,0,O
48235,g,l
48252,S,5
48266,U,v
48267,o,O
48269,l,1
48281,C,e
48282,I,1
48284,g,9
48285,0,O
48289,8,B
48315,I,l
48329,S,5
48350,S,5
48353,I,1
48363,o,0
48377,O,0
48379,S,8
48380,g,9
48382,0,D
48390,O,0
48404,w,N
48407,V,v
48415,F,l
48421,O,0
48427,s,S
48452,w,W
48453,o,0
48456,5,S
48465,f,F
48469,O,0
48474,S,5
48476,f,F
48477,l,I
48490,k,K
48492,p,P
48506,O,0
48508,n,w
48530,l,1
48536,Q,0
48540,l,1
48553,c,C
48555,z,Z
48582,a,Q
48592,O,0
48594,O,0
48596,s,S
48598,P,p
48603,0,O
48605,S,5
48610,Q,2
48627,l,L
48634,l,I
48636,n,r
48640,a,2
48677,O,0
48684,9,a
48695,l,1
48701,5,S
48705,1,I
48707,u,U
48708,s,S
48721,l,x
48729,O,0
48741,l,1
48743,P,p
48746,W,w
48747,O,0
48753,O,0
48755,w,W
48769,O,0
48775,O,0
48785,k,K
48801,l,L
48815,o,O
48835,g,S
48839,V,U
48853,0,U
48863,o,0
48864,i,1
48869,l,1
48872,0,O
48874,K,k
48900,3,B
48903,T,t
48904,0,O
48905,g,8
48910,z,2
48913,V,v
48941,f,F
48942,I,l
48949,s,S
48959,q,9
48987,0,O
48997,5,S
49007,l,1
49008,s,S
49009,j,J
49018,l,1
49024,O,0
49060,0,O
49095,I,1
49099,O,a
49108,Z,2
49110,y,4
49112,l,1
49123,n,N
49133,e,E
49136,l,I
49142,C,e
49153,C,e
49156,l,1
49157,I,1
49167,H,U
49169,O,0
49176,y,U
49183,l,1
49194,o,0
49206,x,4
49224,l,1
49233,X,x
49236,b,6
49243,i,I
49244,5,S
49245,1,r
49246,W,w
49258,I,1
49268,z,7
49272,l,1
49280,O,0
49283,i,l
49285,h,n
49287,l,1
49290,p,P
49292,i,I
49297,O,0
49302,p,P
49322,I,1
49327,l,1
49334,m,M
49337,X,x
49345,I,1
49360,9,4
49363,m,M
49371,O,0
49381,O,0
49386,0,O
49387,k,K
49391,A,1
49393,4,H
49405,s,S
49406,O,0
49415,s,S
49418,O,0
49429,i,1
49432,1,l
49435,0,O
49445,0,O
49446,u,U
49450,4,A
49455,O,0
49457,u,U
49462,m,M
49467,H,4
49480,2,a
49485,9,4
49495,l,1
49499,c,C
49530,0,O
49536,O,0
49544,V,v
49554,0,O
49565,u,U
49568,L,h
49575,g,9
49581,h,u
49587,O,0
49619,j,J
49623,0,O
49634,O,0
49646,c,C
49654,l,1
49656,I,C
49663,O,0
49664,1,l
49670,f,F
49671,1,I
49689,v,V
49691,0,O
49692,O,0
49700,I,1
49708,X,x
49719,O,0
49736,6,b
49743,c,C
49782,c,C
49788,l,I
49797,c,C
49801,I,1
49807,0,O
49824,x,X
49836,O,0
49842,u,U
49848,p,P
49854,3,2
49855,i,I
49857,O,0
49869,u,U
49882,q,9
49885,g,q
49886,P,F
49890,0,O
49920,l,1
49928,0,O
49931,0,O
49933,u,U
49948,x,X
49950,O,0
49961,o,O
49983,o,O
49995,I,1
50001,C,e
50004,S,5
50007,V,v
50008,p,P
50010,g,8
50025,s,S
50026,y,4
50031,b,B
50035,j,1
50038,g,9
50042,J,j
50044,f,F
50046,O,0
50061,q,9
50086,X,x
50087,I,1
50101,v,V
50107,0,O
50124,7,Z
50125,f,F
50126,O,0
50132,l,1
50140,s,3
50148,q,9
50183,O,0
50184,c,C
50193,e,C
50195,0,O
50196,o,0
50198,c,C
50203,l,I
50205,g,9
50212,I,1
50223,O,0
50224,y,Y
50233,0,O
50235,5,S
50248,O,0
50249,Y,4
50253,P,p
50254,O,0
50275,l,1
50293,c,C
50312,p,P
50321,l,1
50345,Z,z
50346,O,0
50348,s,S
50360,O,0
50364,2,a
50370,O,0
50380,l,1
50383,t,2
50385,J,S
50400,I,1
50408,I,1
50409,O,0
50411,z,2
50420,I,1
50430,v,V
50432,O,0
50433,l,1
50449,l,1
50456,S,N
50465,5,S
50477,I,l
50478,I,1
50483,V,U
50484,l,1
50494,u,U
50498,O,a
50501,o,0
50511,s,S
50521,o,0
50524,O,0
50537,I,1
50539,Y,y
50550,V,U
50551,O,0
50573,I,1
50586,0,O
50599,s,5
50601,u,v
50610,V,v
50617,z,2
50623,Q,0
50624,m,M
50627,J,g
50634,c,C
50636,0,O
50651,O,0
50656,q,9
50671,O,0
50673,a,g
50683,0,O
50706,0,O
50713,I,1
50715,p,P
50722,I,1
50725,t,C
50730,I,1
50742,O,0
50756,Y,y
50761,2,a
50778,Y,r
50782,s,S
50792,s,S
50805,O,0
50810,I,1
50811,I,1
50838,l,I
50843,0,O
50856,l,1
50858,I,l
50861,z,2
50867,l,1
50875,O,0
50876,2,z
50877,4,U
50889,O,0
50907,l,1
50928,s,S
50943,l,1
50950,s,S
50958,f,F
50976,O,0
50997,S,5
50999,2,v
51007,A,B
51016,s,S
51019,O,0
51021,T,t
51022,f,F
51035,C,e
51037,W,w
51038,8,Y
51049,5,S
51081,U,W
51134,X,K
51136,i,1
51142,c,C
51146,u,U
51150,O,0
51169,I,l
51170,O,0
51182,W,U
51188,O,0
51192,w,W
51194,l,1
51220,o,0
51228,u,U
51229,m,M
51232,x,y
51234,l,1
51244,0,O
51259,h,F
51260,O,0
51270,u,U
51283,l,1
51291,S,5
51316,r,n
51318,0,O
51319,O,0
51321,I,1
51325,I,1
51326,0,O
51328,P,p
51340,v,V
51344,a,n
51349,Y,1
51361,I,l
51364,p,P
51404,O,0
51412,j,3
51422,l,1
51436,n,N
51437,1,I
51438,O,0
51440,m,M
51463,k,2
51469,a,A
51471,s,S
51482,l,1
51483,V,v
51499,0,O
51524,q,9
51530,Z,z
51537,0,O
51538,V,U
51545,0,O
51546,s,S
51568,T,r
51569,z,2
51572,s,S
51578,0,O
51581,k,K
51585,l,1
51596,0,O
51620,0,O
51622,S,5
51632,O,0
51633,0,O
51652,g,9
51654,j,J
51656,U,C
51666,j,i
51669,u,U
51685,f,F
51697,I,1
51698,0,O
51705,I,1
51707,u,U
51710,5,S
51712,l,1
51714,K,k
51716,W,w
51724,D,0
51742,0,O
51752,R,A
51753,0,O
51765,q,9
51777,f,F
51781,I,1
51785,m,M
51791,P,8
51801,a,O
51803,x,Y
51804,4,Y
51807,0,O
51809,k,K
51817,Z,2
51825,m,M
51827,w,W
51843,f,F
51859,C,e
51891,s,S
51898,g,a
51914,l,1
51925,z,2
51934,I,1
51957,8,d
51970,2,Z
51982,m,M
51984,u,U
51993,l,1
51995,J,I
51999,6,b
52000,m,M
52006,m,M
52016,O,0
52023,W,w
52024,4,9
52032,Z,z
52034,v,V
52048,I,1
52055,S,5
52061,5,S
52084,g,9
52086,0,O
52087,0,O
52119,h,L
52126,W,w
52132,f,F
52143,x,X
52148,6,4
52174,O,0
52187,T,t
52188,l,1
52193,I,1
52196,O,0
52209,O,0
52212,m,M
52213,l,I
52216,o,0
52218,c,C
52222,o,O
52233,o,0
52237,5,S
52239,O,0
52240,m,M
52251,i,1
52260,l,1
52274,I,l
52279,l,1
52293,O,0
52294,h,t
52304,K,k
52309,C,e
52312,k,K
52332,o,O
52336,x,X
52342,q,9
52343,0,7
52348,c,C
52366,0,O
52369,F,E
52373,I,1
52381,1,I
52397,5,9
52458,0,O
52459,o,O
52467,8,e
52475,l,1
52480,v,U
52487,D,0
52506,8,a
52508,l,1
52525,o,O
52527,l,1
52541,u,U
52551,l,L
52552,m,M
52555,I,l
52560,Y,y
52566,l,1
52579,I,1
52582,i,1
52584,c,C
52616,k,K
52635,l,e
52637,O,0
52641,2,r
52648,V,v
52649,b,6
52652,m,M
52655,l,1
52668,O,0
52672,l,1
52677,O,0
52678,Z,2
52681,I,1
52684,o,O
52693,s,S
52696,l,1
52698,0,O
52700,k,K
52722,g,9
52724,0,O
52727,I,1
52734,Z,2
52742,c,C
52743,0,O
52750,l,1
52756,5,S
52757,O,0
52764,I,1
52769,s,S
52779,I,1
52787,c,C
52797,0,O
52801,W,w
52803,0,O
52805,Y,y
52813,6,b
52815,z,2
52818,g,G
52823,u,U
52831,0,O
52837,O,0
52851,s,5
52862,b,k
52863,c,C
52867,l,1
52877,0,O
52886,I,1
52896,o,O
52900,0,D
52905,I,1
52935,O,0
52940,m,M
52944,z,3
52976,g,9
52996,I,1
52998,f,F
53002,I,1
53010,l,1
53011,V,U
53020,X,x
53022,I,1
53023,s,S
53033,1,l
53043,W,w
53053,j,J
53054,u,M
53056,g,9
53062,s,S
53063,9,4
53086,m,M
53089,O,0
53094,f,F
53121,l,1
53122,e,O
53143,O,0
53148,g,9
53151,I,1
53157,P,F
53171,R,k
53187,I,1
53201,Z,z
53202,l,1
53206,O,0
53217,O,0
53222,o,O
53231,t,T
53233,r,l
53236,l,1
53237,0,O
53238,g,9
53249,l,1
53251,i,1
53254,u,U
53263,I,1
53279,v,V
53290,G,6
53296,1,I
53297,f,F
53298,l,1
53304,m,M
53314,f,F
53336,l,1
53341,v,U
53345,z,2
53346,f,F
53349,m,M
53370,o,0
53372,I,1
53375,l,1
53397,u,U
53405,m,M
53407,O,0
53409,O,0
53416,Q,a
53440,l,1
53449,O,0
53452,O,0
53457,2,Z
53467,u,a
53473,T,t
53474,l,1
53475,v,V
53486,O,0
53487,A,h
53488,f,F
53493,h,t
53495,o,O
53515,f,F
53518,l,1
53530,v,V
53531,T,t
53534,9,g
53541,l,I
53546,n,T
53554,I,1
53557,W,w
53563,l,1
53568,O,0
53571,o,O
53574,m,M
53580,o,O
53587,5,S
53591,f,F
53602,I,1
53615,s,S
53627,0,O
53630,J,j
53637,h,4
53643,Y,4
53645,u,U
53650,f,F
53651,o,O
53652,V,r
53654,I,1
53677,t,7
53681,O,0
53683,I,1
53686,E,e
53702,z,2
53704,b,B
53706,4,U
53707,I,1
53714,m,M
53717,O,0
53722,o,0
53736,5,S
53738,l,1
53740,0,O
53753,p,P
53764,0,O
53765,n,h
53767,0,O
53776,S,5
53777,c,C
53799,m,M
53806,h,b
53811,c,C
53816,l,1
53820,a,9
53833,I,1
53836,J,j
53857,v,V
53859,6,h
53862,t,F
53874,V,v
53881,0,O
53887,l,1
53905,W,w
53906,t,4
53907,u,U
53909,O,0
53913,r,t
53922,l,1
53930,I,1
53932,0,O
53936,l,1
53938,l,I
53940,0,O
53946,I,1
53954,e,E
53959,l,1
53965,w,W
53969,f,F
53977,I,1
53989,5,S
54000,V,v
54001,l,L
54002,u,U
54005,I,1
54007,J,j
54008,l,1
54018,l,1
54020,c,C
54021,l,1
54028,O,0
54042,W,w
54043,5,S
54054,l,I
54056,l,L
54059,l,1
54060,O,0
54062,k,K
54063,c,C
54068,s,S
54071,q,Q
54081,j,J
54088,s,S
54089,o,0
54095,l,I
54103,5,S
54110,J,j
54115,l,1
54122,y,4
54151,V,U
54152,A,H
54159,f,F
54174,p,P
54183,1,l
54193,l,1
54197,f,F
54199,O,0
54203,l,1
54208,k,K
54248,f,F
54258,l,1
54259,Y,y
54261,1,I
54270,O,0
54275,z,2
54276,1,I
54282,o,0
54293,s,S
54298,g,9
54299,i,I
54313,W,w
54327,O,0
54344,n,h
54353,O,0
54355,q,9
54357,s,S
54379,v,U
54385,m,M
54396,r,h
54400,K,k
54415,3,5
54426,z,x
54436,l,1
54442,V,v
54448,k,L
54465,c,C
54467,W,w
54468,l,1
54470,l,1
54471,O,0
54477,l,1
54492,p,0
54499,P,p
54506,m,M
54519,0,O
54532,l,1
54539,W,w
54541,t,F
54546,I,1
54547,Z,2
54550,O,0
54563,c,C
54573,k,K
54577,p,P
54586,g,9
54588,6,b
54599,K,k
54608,C,5
54628,U,u
54633,t,4
54635,c,C
54643,h,L
54647,g,9
54648,O,0
54664,2,g
54670,m,M
54674,1,L
54679,S,5
54686,Y,y
54692,O,0
54703,O,0
54718,5,S
54719,i,I
54720,I,l
54721,0,O
54725,2,Q
54730,O,0
54740,g,9
54760,l,1
54779,I,l
54781,n,N
54782,V,v
54784,c,C
54791,V,v
54799,7,2
54800,O,0
54815,f,F
54824,O,0
54825,l,1
54828,l,1
54834,5,S
54837,S,5
54840,O,0
54866,l,1
54867,O,0
54868,6,b
54873,t,T
54875,I,1
54876,1,L
54881,c,C
54884,l,1
54885,I,l
54888,m,M
54901,c,C
54907,y,Y
54914,l,1
54918,c,C
54941,v,V
54944,I,1
54969,l,I
54973,l,1
54987,X,x
54988,u,U
55000,O,0
55007,9,g
55023,l,1
55034,u,U
55049,f,F
55055,f,F
55056,7,T
55063,s,S
55073,Q,2
55086,V,v
55098,q,O
55104,1,l
55110,c,C
55142,l,1
55145,i,1
55152,O,D
55183,S,5
55187,c,C
55206,O,0
55234,O,0
55237,l,1
55244,V,v
55246,c,C
55249,g,q
55250,1,l
55252,f,h
55257,1,l
55271,O,0
55275,0,O
55297,0,O
55298,K,k
55302,l,1
55308,l,I
55314,0,O
55317,5,S
55333,6,G
55336,m,M
55337,4,Y
55339,0,O
55340,0,O
55347,B,3
55348,K,k
55349,Z,2
55370,c,C
55374,l,1
55377,u,0
55379,3,z
55417,6,0
55419,I,1
55423,g,G
55428,O,0
55438,f,F
55454,u,U
55462,l,1
55468,K,k
55483,O,0
55498,O,0
55507,m,M
55508,S,5
55515,D,0
55544,k,K
55553,s,S
55590,9,7
55592,l,1
55623,o,O
55636,4,U
55637,O,0
55644,l,1
55660,z,Z
55668,O,0
55676,s,S
55689,I,l
55699,X,x
55727,0,O
55732,c,C
55742,I,1
55743,O,0
55744,r,R
55757,l,1
55766,l,I
55779,O,0
55780,l,1
55782,O,0
55792,m,M
55797,5,S
55800,O,0
55808,l,1
55811,f,F
55840,n,h
55846,O,0
55853,G,6
55854,O,0
55858,0,O
55861,U,a
55864,m,M
55869,V,v
55883,a,2
55892,f,F
55895,l,1
55896,q,8
55897,v,V
55898,l,1
55905,f,F
55906,l,1
55913,l,1
55923,l,I
55924,l,1
55945,0,O
55952,l,I
55953,1,l
55957,T,7
55962,j,i
55988,5,S
55995,O,0
56000,I,1
56008,l,1
56017,n,N
56022,v,U
56033,H,N
56037,0,O
56038,i,1
56040,l,1
56054,5,S
56069,5,t
56071,I,1
56089,f,F
56090,0,O
56092,i,1
56114,4,y
56115,4,U
56124,8,3
56125,A,R
56132,o,0
56152,l,1
56159,I,1
56162,l,1
56168,5,8
56171,0,O
56172,I,1
56177,u,U
56181,N,n
56184,f,F
56185,y,4
56190,k,h
56199,D,0
56204,s,S
56206,m,M
56218,i,1
56223,v,V
56229,l,1
56233,f,F
56235,I,1
56242,5,S
56248,u,U
56268,v,V
56285,v,U
56302,p,P
56312,S,5
56328,1,l
56333,m,M
56352,c,C
56359,O,0
56373,1,7
56375,I,l
56379,l,1
56394,l,1
56395,f,F
56396,O,0
56406,T,t
56411,O,0
56415,l,1
56423,8,2
56431,m,M
56432,c,C
56439,P,p
56454,w,W
56464,q,9
56476,l,I
56478,C,e
56483,w,W
56484,O,0
56487,0,O
56501,Z,z
56519,l,I
56522,w,n
56523,O,0
56526,l,1
56539,l,1
56544,I,1
56555,O,0
56559,m,M
56560,I,l
56568,W,w
56576,f,F
56578,0,O
56601,l,1
56608,c,C
56611,O,0
56624,l,1
56625,v,V
56630,1,l
56639,0,U
56648,l,1
56649,i,1
56655,u,U
56661,I,1
56664,l,1
56667,l,1
56696,s,S
56703,5,S
56713,u,U
56728,O,0
56755,5,S
56763,O,0
56764,6,b
56769,0,O
56778,l,1
56788,z,Z
56791,O,0
56798,I,1
56802,Z,2
56822,4,q
56824,O,0
56828,s,S
56830,X,x
56840,l,1
56842,s,S
56844,g,q
56854,n,M
56857,i,l
56858,g,9
56870,I,1
56880,9,q
56891,O,0
56899,0,O
56906,y,Y
56912,V,v
56921,l,1
56931,s,S
56945,0,D
56946,T,Y
56949,c,e
56954,n,N
56957,1,l
56960,O,0
56970,I,1
56974,O,0
56991,I,l
57024,I,1
57030,s,S
57031,v,V
57032,o,0
57034,G,6
57037,i,I
57048,s,S
57052,m,M
57054,V,v
57068,l,1
57076,p,P
57089,v,V
57095,5,S
57117,l,1
57124,l,1
57139,7,4
57144,l,1
57146,v,V
57147,m,M
57164,9,g
57165,1,l
57188,f,F
57204,m,M
57208,O,0
57211,f,F
57216,6,L
57225,s,5
57226,g,9
57228,K,k
57244,O,0
57248,S,8
57251,G,6
57255,l,1
57262,l,1
57271,f,F
57272,h,L
57283,a,A
57284,5,S
57308,Z,z
57329,V,U
57332,l,1
57344,O,0
57351,O,0
57355,O,0
57373,O,0
57380,I,r
57388,v,V
57401,f,F
57402,I,l
57407,u,U
57408,a,O
57415,s,S
57422,t,x
57437,V,U
57454,l,I
57461,c,C
57463,I,1
57474,O,0
57475,q,9
57481,l,1
57496,m,M
57516,m,M
57527,1,l
57529,p,P
57532,0,Q
57534,I,1
57547,O,0
57548,i,1
57558,5,S
57564,l,1
57565,s,S
57578,q,g
57579,I,1
57581,V,U
57588,b,6
57592,t,T
57598,Y,4
57599,4,Y
57604,W,w
57605,l,1
57619,c,C
57625,O,0
57627,l,1
57629,a,A
57643,p,D
57646,k,K
57654,O,0
57657,U,V
57659,l,1
57679,6,L
57684,O,0
57688,I,1
57693,l,1
57714,W,U
57717,u,U
57719,v,U
57722,0,O
57741,T,t
57753,o,0
57754,u,U
57784,0,O
57789,n,N
57810,0,O
57811,u,U
57816,I,1
57822,l,1
57834,0,O
57862,V,v
57864,i,j
57865,1,I
57866,0,O
57867,u,U
57881,n,N
57882,A,4
57896,o,0
57903,o,0
57905,p,P
57912,O,0
57924,m,M
57929,S,5
57931,7,t
57932,O,0
57936,I,1
57949,O,0
57967,5,S
57968,6,b
57975,O,0
57980,0,O
57986,i,I
58001,o,O
58004,O,0
58010,l,1
58036,f,F
58037,k,K
58046,Y,y
58048,0,O
58052,V,r
58054,n,U
58058,0,O
58076,i,I
58078,0,O
58079,l,1
58080,5,S
58082,p,P
58103,I,1
58111,I,l
58123,Y,4
58129,V,v
58131,O,0
58139,I,1
58147,5,S
58155,l,1
58157,c,C
58170,I,1
58176,y,Y
58182,l,1
58191,l,1
58193,D,0
58194,p,P
58198,O,0
58199,T,t
58204,O,0
58205,c,C
58215,c,C
58217,O,0
58221,f,F
58223,B,3
58225,k,K
58231,l,1
58232,O,0
58234,l,1
58240,w,W
58248,X,x
58256,0,O
58258,G,6
58263,l,1
58278,5,S
58300,l,1
58305,i,I
58320,S,5
58322,O,0
58325,n,N
58327,v,U
58333,1,l
58341,G,6
58345,o,O
58360,m,M
58361,f,F
58367,m,M
58375,l,1
58380,I,1
58383,0,O
58393,O,e
58403,l,1
58424,Z,z
58432,2,Z
58436,0,O
58446,0,O
58453,q,9
58461,u,U
58464,v,V
58465,0,O
58467,m,M
58494,X,x
58497,o,0
58503,I,1
58504,O,0
58505,O,0
58530,5,S
58548,u,U
58550,N,n
58553,0,O
58554,I,1
58555,i,I
58557,a,A
58561,o,0
58563,l,I
58564,g,G
58566,c,e
58569,P,b
58572,O,0
58583,W,w
58585,9,g
58591,u,U
58594,l,1
58599,F,t
58615,q,g
58617,O,0
58629,0,O
58644,T,t
58645,p,P
58646,2,3
58654,f,F
58678,W,w
58684,5,S
58687,H,U
58688,0,O
58690,1,l
58693,K,k
58704,P,p
58713,z,2
58720,q,9
58723,1,l
58731,o,0
58737,O,0
58751,1,l
58767,c,C
58774,l,1
58781,l,1
58787,O,0
58795,I,l
58801,k,K
58827,v,V
58830,0,O
58832,r,e
58836,I,1
58843,I,l
58848,f,F
58850,l,1
58866,O,0
58867,l,1
58878,f,F
58899,I,1
58914,I,1
58915,I,1
58917,4,U
58928,r,R
58931,o,t
58936,1,l
58937,c,C
58942,l,1
58945,P,p
58960,p,P
58964,u,U
58968,O,0
58975,J,U
58981,o,a
58989,u,U
59011,S,5
59041,Y,4
59042,y,4
59044,0,O
59055,a,A
59056,l,1
59074,X,x
59077,l,1
59082,2,L
59092,l,1
59106,I,1
59116,g,9
59121,M,O
59130,v,U
59131,n,N
59140,Z,2
59151,l,1
59169,z,2
59173,l,1
59178,y,Y
59184,0,O
59194,p,D
59195,0,U
59209,O,0
59214,s,S
59217,I,1
59224,0,O
59237,i,1
59243,l,L
59259,r,V
59282,5,S
59284,l,1
59293,O,0
59298,O,0
59303,G,D
59312,i,l
59321,0,O
59325,0,O
59333,e,E
59337,P,p
59344,I,1
59349,g,9
59350,l,1
59352,1,l
59373,I,l
59397,l,1
59403,u,U
59411,O,0
59413,u,U
59421,0,O
59429,I,1
59432,I,1
59437,U,u
59450,0,O
59451,O,0
59455,V,v
59463,v,V
59465,I,1
59483,V,r
59484,j,x
59486,C,L
59524,s,S
59525,1,l
59528,l,1
59530,s,S
59532,V,r
59539,8,P
59561,I,1
59571,O,0
59580,0,O
59593,y,Y
59599,f,E
59603,z,2
59610,m,M
59631,I,l
59642,0,O
59678,K,k
59682,0,O
59686,Y,y
59687,l,1
59697,T,t
59704,l,1
59714,0,O
59718,T,r
59735,Z,z
59741,f,F
59746,m,M
59748,0,O
59749,s,S
59752,p,P
59762,6,b
59802,I,1
59813,e,E
59814,j,J
59824,m,M
59836,0,O
59866,K,k
59867,t,T
59871,b,6
59878,G,6
59881,D,O
59891,n,N
59903,s,5
59905,n,N
59906,P,F
59907,O,0
59932,P,r
59940,o,0
59941,4,H
59953,l,x
59954,O,0
59955,b,5
59971,5,S
59989,P,p
59991,O,0
59993,l,1
59998,l,1
59999,C,e
60002,0,O
60005,L,l
60009,I,1
60036,s,S
60041,l,1
60042,0,O
60044,l,1
60045,I,l
60053,u,U
60055,3,J
60068,I,1
60070,o,O
60077,y,Y
60079,O,0
60085,K,k
60088,s,S
60093,S,e
60097,W,U
60115,t,T
60145,l,1
60151,R,e
60155,0,O
60156,I,1
60162,0,O
60167,5,S
60173,D,0
60204,l,1
60224,V,v
60250,v,V
60260,I,l
60272,y,4
60274,S,5
60282,1,l
60285,l,1
60294,I,1
60295,k,K
60316,I,1
60321,1,l
60323,0,O
60343,e,R
60344,c,C
60350,o,0
60356,O,0
60363,m,M
60368,g,9
60370,l,1
60371,I,l
60373,i,1
60386,r,R
60400,f,F
60408,l,I
60410,v,V
60446,c,C
60457,l,1
60462,u,U
60467,O,0
60478,A,h
60484,G,6
60487,z,Z
60489,5,S
60493,k,X
60510,z,Z
60521,q,9
60528,l,1
60530,I,1
60578,l,1
60582,l,1
60586,I,1
60591,T,t
60616,0,O
60617,6,8
60619,0,O
60625,K,k
60634,g,8
60646,l,I
60683,1,I
60691,b,6
60694,f,F
60695,7,9
60701,c,a
60702,c,C
60706,S,5
60711,l,I
60721,0,O
60729,V,v
60732,I,1
60737,I,1
60754,O,0
60769,0,O
60790,O,0
60793,t,T
60794,4,a
60796,I,1
60804,u,U
60806,0,O
60815,I,1
60823,m,M
60834,P,p
60848,X,x
60849,Q,a
60853,0,O
60856,O,U
60859,Y,y
60863,l,1
60870,1,l
60877,0,D
60879,S,5
60900,j,i
60915,m,M
60935,x,X
60951,4,U
60952,l,1
60958,0,O
60959,o,O
60972,i,1
60973,m,M
60983,l,1
60984,S,5
60988,s,S
60993,W,w
60997,u,U
61001,l,1
61004,X,x
61015,l,1
61018,Q,9
61023,u,U
61026,l,1
61029,S,5
61041,O,0
61061,0,O
61064,g,O
61072,5,S
61087,V,v
61091,O,0
61094,Y,y
61107,u,U
61136,O,0
61138,l,1
61139,U,0
61140,L,e
61141,G,6
61167,Y,y
61185,m,M
61190,X,V
61194,p,P
61197,W,w
61200,y,V
61213,t,b
61226,l,1
61229,p,P
61236,S,5
61245,l,1
61260,m,M
61271,g,q
61272,s,S
61277,c,C
61288,O,0
61291,0,D
61294,m,M
61305,V,v
61313,v,V
61333,y,4
61345,O,0
61366,o,O
61369,W,w
61379,s,S
61380,O,0
61381,p,P
61390,f,F
61394,0,O
61402,n,N
61409,n,N
61432,s,D
61438,c,C
61456,V,v
61462,u,U
61469,3,7
61480,s,S
61485,z,2
61497,Y,y
61511,0,O
61516,T,t
61530,l,1
61534,O,0
61537,Z,z
61540,I,1
61541,I,1
61552,I,1
61554,I,l
61561,f,F
61575,l,I
61579,I,1
61582,m,M
61592,0,O
61615,5,S
61623,l,1
61632,o,O
61640,O,0
61643,r,V
61651,0,O
61652,z,2
61661,I,1
61670,S,5
61671,m,M
61672,M,n
61676,z,2
61677,h,n
61679,f,F
61694,6,G
61707,R,r
61709,I,1
61723,o,0
61728,o,0
61736,l,1
61738,u,U
61742,O,0
61748,1,I
61762,O,0
61765,u,U
61770,O,0
61785,I,l
61799,I,1
61801,i,I
61804,S,5
61815,c,C
61823,I,1
61828,1,7
61832,q,9
61840,O,0
61844,l,1
61845,V,v
61850,f,F
61851,5,S
61852,p,P
61855,f,F
61856,o,O
61860,l,1
61878,a,2
61880,0,O
61888,l,1
61891,X,x
61904,K,k
61917,I,1
61925,K,k
61941,l,1
61950,Y,y
61955,m,M
61958,J,T
61968,O,0
61980,I,1
61982,o,0
61985,y,v
61991,p,P
62004,l,I
62008,I,1
62013,o,O
62016,D,0
62027,I,1
62038,p,P
62039,s,S
62058,O,0
62067,k,K
62093,q,g
62094,N,U
62110,S,5
62112,l,1
62117,I,l
62130,O,0
62132,x,X
62136,v,V
62137,7,9
62151,K,k
62159,V,v
62173,I,1
62186,l,1
62191,5,S
62194,P,p
62198,l,1
62199,9,a
62205,z,2
62236,l,1
62253,O,0
62255,k,K
62258,0,O
62260,l,1
62263,O,0
62278,O,0
62280,y,Y
62295,l,1
62306,O,0
62308,y,Y
62335,i,1
62354,O,0
62370,l,1
62371,l,1
62372,0,a
62380,O,0
62384,Q,0
62390,l,r
62394,Y,y
62398,t,I
62408,2,z
62414,f,F
62435,o,O
62442,u,n
62446,l,1
62447,t,4
62473,O,0
62478,s,S
62487,W,w
62489,O,0
62491,1,I
62495,h,R
62506,l,1
62517,l,1
62518,f,F
62528,H,n
62529,O,0
62530,0,O
62537,Z,z
62542,0,O
62546,0,O
62547,I,1
62549,G,0
62557,P,D
62560,0,O
62567,z,Z
62595,t,1
62604,o,0
62606,K,k
62620,I,1
62622,l,1
62629,c,C
62638,O,0
62641,s,S
62650,o,0
62652,O,0
62670,0,O
62677,p,P
62691,a,A
62698,O,0
62709,g,9
62723,m,M
62729,g,9
62740,l,1
62754,6,0
62759,I,l
62761,O,0
62771,O,0
62775,O,0
62778,W,w
62784,O,0
62787,m,M
62788,5,S
62792,s,S
62795,W,w
62801,8,X
62803,0,O
62807,s,S
62812,0,O
62815,Z,z
62816,V,v
62818,s,S
62821,p,P
62826,V,r
62830,l,1
62831,O,0
62834,I,1
62848,0,O
62867,I,1
62872,h,x
62882,u,4
62886,q,8
62891,n,M
62899,O,0
62902,V,r
62943,V,v
62952,O,0
62955,8,e
62977,0,O
62984,O,0
62987,Z,2
62990,q,9
63001,O,0
63018,n,M
63024,I,1
63034,Z,2
63038,V,U
63039,q,9
63056,9,a
63066,W,w
63071,g,9
63090,W,w
63093,O,0
63096,O,0
63099,l,h
63101,1,l
63105,l,1
63110,m,M
63111,O,0
63116,l,1
63117,i,l
63127,O,0
63145,p,P
63169,W,w
63171,y,Y
63176,L,C
63191,O,0
63193,m,M
63200,q,9
63213,t,T
63217,5,S
63221,l,1
63223,O,0
63230,O,0
63238,u,U
63241,f,F
63247,m,M
63250,o,0
63252,o,O
63274,7,4
63283,O,0
63284,g,9
63291,I,1
63299,p,P
63304,r,R
63311,o,O
63317,l,1
63318,0,O
63320,p,P
63324,O,0
63328,1,l
63356,O,0
63357,l,1
63406,l,1
63434,i,1
63435,l,1
63440,V,U
63446,D,0
63447,a,q
63454,F,r
63457,s,S
63466,4,y
63478,f,F
63490,x,X
63494,X,x
63498,f,F
63525,O,0
63527,m,M
63532,m,M
63533,m,M
63539,O,0
63540,s,S
63543,P,p
63550,l,1
63552,m,M
63560,V,v
63582,p,P
63593,I,1
63594,c,C
63607,a,A
63611,X,x
63613,O,0
63623,N,n
63624,l,I
63633,t,x
63635,Q,0
63638,f,F
63641,u,U
63644,l,1
63648,s,S
63658,I,1
63674,5,S
63682,i,l
63696,s,S
63708,o,0
63719,u,U
63734,u,U
63742,k,K
63743,l,1
63751,i,1
63754,a,9
63759,l,1
63762,u,U
63765,I,1
63791,k,K
63803,y,4
63805,f,F
63817,S,5
63832,l,1
63850,T,t
63857,I,1
63864,l,1
63894,l,1
63897,A,R
63898,0,O
63911,m,M
63918,l,1
63926,l,1
63929,O,0
63933,O,0
63936,0,O
63939,l,1
63942,c,C
63946,1,l
63953,u,U
63959,1,l
63971,P,p
63984,m,M
63985,4,U
64001,q,9
64004,V,v
64009,O,0
64013,l,1
64021,Z,2
64028,O,0
64031,x,N
64032,o,0
64041,i,I
64046,j,J
64049,f,F
64062,x,X
64073,O,0
64076,g,8
64078,I,1
64086,1,I
64099,0,O
64118,0,O
64120,1,l
64122,2,Z
64125,W,a
64128,I,1
64132,X,x
64136,l,1
64170,5,S
64181,p,D
64183,o,0
64184,q,a
64187,l,1
64190,o,O
64192,v,U
64214,2,a
64220,l,1
64223,l,1
64234,s,5
64244,q,9
64265,r,R
64275,s,S
64288,k,t
64295,o,D
64300,f,F
64304,g,9
64305,l,1
64316,T,t
64317,F,8
64320,l,1
64323,s,S
64332,O,0
64345,q,8
64347,l,1
64350,l,I
64357,I,1
64366,2,z
64375,O,0
64381,f,F
64382,5,S
64384,K,k
64387,l,1
64399,s,S
64414,O,0
64415,N,n
64417,O,0
64422,c,C
64438,6,L
64452,i,1
64459,5,S
64462,u,4
64466,0,O
64472,g,9
64473,0,1
64475,f,F
64480,n,N
64484,t,T
64493,D,0
64516,O,0
64517,q,a
64521,O,0
64533,o,0
64539,f,F
64543,l,I
64544,l,1
64546,u,4
64551,O,0
64559,y,Y
64562,v,V
64574,I,1
64575,y,V
64576,O,0
64590,V,v
64592,o,O
64597,l,1
64603,l,1
64607,l,1
64615,m,M
64626,0,O
64645,s,5
64649,S,4
64661,l,1
64668,l,1
64674,0,D
64675,0,O
64684,K,k
64685,v,V
64692,u,U
64702,I,1
64714,f,F
64721,O,0
64723,q,9
64732,0,O
64739,I,l
64742,0,O
64754,I,1
64755,o,0
64758,u,U
64763,0,O
64773,p,P
64782,5,S
64783,c,C
64812,I,1
64816,0,O
64837,u,U
64839,X,x
64841,c,C
64846,0,O
64863,z,2
64870,O,0
64874,s,S
64884,0,O
64895,5,9
64910,p,P
64918,m,M
64923,D,0
64925,z,2
64928,0,b
64933,a,2
64939,v,V
64942,T,t
64944,s,S
64957,s,S
64962,O,0
64973,4,U
64976,S,0
64977,I,1
64980,l,1
64983,n,N
64984,Z,2
64988,I,1
64990,W,w
64996,0,O
65019,O,0
65024,O,0
65026,2,V
65037,s,S
65045,j,J
65057,I,1
65072,l,1
65082,O,0
65083,l,I
65090,u,U
65117,b,6
65120,u,U
65126,q,9
65130,i,1
65137,y,4
65146,0,O
65147,O,0
65161,g,9
65163,l,1
65170,4,U
65179,0,O
65180,1,I
65183,S,5
65194,O,0
65199,X,x
65207,O,0
65210,f,F
65218,X,x
65246,0,O
65247,u,U
65251,l,I
65256,O,0
65261,h,H
65264,0,O
65268,l,1
65269,P,p
65278,l,1
65297,u,U
65300,o,0
65304,2,z
65309,m,M
65323,s,S
65328,l,1
65350,s,S
65351,1,I
65356,I,1
65357,I,1
65370,s,S
65377,c,C
65395,D,0
65399,l,1
65422,l,1
65424,p,P
65439,l,1
65441,p,P
65449,m,M
65454,O,0
65455,g,9
65469,Y,4
65476,s,S
65493,8,9
65494,l,1
65499,s,S
65525,v,y
65530,s,S
65537,f,F
65538,0,O
65543,W,w
65558,s,S
65567,I,1
65568,g,9
65578,O,0
65591,x,X
65594,l,I
65637,q,9
65649,l,1
65657,q,9
65662,j,J
65664,u,U
65675,x,X
65681,O,0
65686,h,n
65690,u,U
65695,z,Z
65697,l,1
65698,l,1
65704,O,0
65708,I,1
65710,y,Y
65725,r,T
65752,h,k
65771,f,F
65772,l,1
65773,6,b
65775,O,0
65784,7,9
65797,1,I
65803,O,0
65812,i,1
65833,O,0
65842,1,I
65864,O,0
65866,f,F
65867,Y,4
65868,g,9
65869,k,K
65874,p,P
65889,w,U
65895,O,0
65897,u,U
65900,u,U
65903,I,1
65907,g,9
65910,O,0
65911,o,O
65915,0,O
65930,I,1
65947,h,L
65962,p,P
65970,o,0
65978,v,V
65979,C,e
65981,l,L
65984,I,1
65993,o,0
65994,o,0
66001,D,0
66015,4,9
66030,o,O
66052,l,1
66060,f,F
66061,D,d
66079,n,N
66094,S,5
66112,m,M
66117,O,0
66122,G,S
66143,w,U
66144,l,1
66148,Z,z
66149,l,1
66150,u,U
66166,X,x
66184,0,D
66187,l,1
66197,c,C
66213,n,N
66219,b,6
66228,v,V
66237,l,1
66248,O,0
66272,c,C
66276,0,O
66277,O,0
66279,5,S
66281,n,N
66283,p,P
66294,O,0
66305,c,C
66306,X,x
66308,l,1
66310,v,V
66312,o,0
66313,m,M
66325,l,1
66334,1,l
66335,O,0
66336,2,Z
66346,A,n
66348,l,1
66356,S,5
66364,k,K
66372,o,0
66378,t,T
66385,s,S
66392,l,1
66395,K,k
66396,p,P
66416,u,U
66446,1,I
66454,O,0
66461,8,R
66472,O,0
66484,4,9
66495,c,C
66501,s,S
66510,l,1
66514,I,1
66520,z,F
66530,l,1
66534,B,8
66536,I,1
66554,S,5
66555,J,j
66557,s,S
66558,1,l
66562,O,0
66571,O,0
66580,L,C
66583,I,l
66586,a,A
66604,a,A
66611,m,M
66613,V,v
66633,z,Z
66666,a,q
66697,f,F
66707,l,1
66710,l,1
66711,l,1
66719,O,0
66720,O,0
66723,l,1
66730,y,Y
66744,m,M
66746,l,1
66747,W,w
66758,q,8
66762,u,U
66763,i,I
66785,V,v
66786,l,1
66790,1,l
66814,l,1
66815,b,B
66823,4,Y
66824,O,0
66836,I,l
66837,S,5
66839,f,F
66842,8,t
66863,I,1
66864,l,1
66866,l,I
66870,Z,z
66873,O,0
66877,y,Y
66892,O,0
66905,0,O
66910,0,O
66914,y,4
66915,H,2
66916,a,C
66930,U,0
66932,l,1
66934,f,F
66942,9,g
66952,4,U
66969,p,P
66970,u,U
66973,i,1
66975,t,T
66992,u,U
67001,O,0
67004,d,D
67040,l,I
67044,O,0
67050,O,0
67063,f,F
67065,X,x
67070,O,0
67077,O,0
67081,k,K
67092,0,O
67102,O,0
67104,O,0
67109,q,9
67120,P,p
67122,Z,2
67123,0,O
67138,y,Y
67146,4,9
67158,O,0
67164,1,l
67167,v,U
67171,O,0
67174,a,d
67176,O,0
67177,y,Y
67182,u,U
67191,I,1
67197,l,1
67198,0,O
67209,p,P
67235,b,6
67247,O,0
67251,s,S
67257,O,0
67262,I,1
67264,C,0
67267,7,T
67269,u,U
67286,Y,r
67291,l,1
67295,K,k
67298,I,1
67299,2,Z
67302,I,1
67304,c,C
67310,u,U
67324,l,I
67330,I,1
67332,l,1
67337,X,x
67367,I,1
67369,I,1
67397,i,1
67401,6,b
67409,l,I
67414,c,C
67421,6,b
67422,0,O
67425,O,0
67428,u,U
67429,r,Y
67441,x,X
67444,O,0
67445,z,2
67446,O,0
67449,o,O
67463,1,l
67466,T,t
67478,V,v
67485,f,F
67486,p,P
67496,b,6
67497,l,1
67511,1,I
67514,I,1
67530,O,0
67559,0,O
67579,0,e
67607,n,h
67612,V,v
67620,O,0
67635,5,S
67643,q,9
67657,0,O
67658,0,O
67665,O,0
67666,G,5
67671,l,1
67681,o,0
67689,O,0
67700,1,I
67701,I,1
67711,5,3
67717,l,1
67723,s,S
67728,f,F
67729,O,0
67746,0,O
67752,I,1
67754,t,F
67755,m,M
67775,z,Z
67791,I,1
67800,E,C
67802,u,U
67810,f,F
67826,I,1
67846,O,0
67855,V,v
67857,O,0
67868,O,0
67876,l,1
67882,c,C
67888,0,O
67909,t,F
67920,f,F
67922,m,M
67923,m,M
67924,l,1
67926,S,5
67929,O,0
67930,x,X
67931,6,G
67945,l,I
67947,g,8
67951,l,1
67954,O,0
67959,l,1
67973,l,1
67991,1,l
68022,p,P
68023,J,j
68025,Z,2
68027,0,O
68029,4,H
68030,1,l
68034,l,I
68037,1,l
68050,1,I
68057,x,X
68075,5,S
68084,o,0
68085,O,0
68105,O,0
68106,o,0
68108,1,l
68131,c,C
68140,q,8
68141,U,C
68153,5,S
68156,l,1
68160,O,0
68161,0,O
68165,m,M
68172,O,0
68177,5,S
68178,5,S
68190,Z,z
68198,m,M
68204,C,L
68214,l,1
68223,c,C
68253,0,O
68254,b,6
68259,i,1
68273,l,1
68274,O,0
68284,m,M
68292,z,2
68295,c,C
68314,u,U
68315,t,F
68321,l,1
68325,5,S
68351,m,M
68352,V,v
68358,l,I
68362,0,O
68365,0,D
68366,u,U
68390,s,S
68396,I,1
68407,Y,y
68414,f,h
68418,4,h
68423,d,a
68428,I,1
68430,m,M
68437,O,0
68438,0,O
68441,I,1
68444,v,V
68456,O,0
68458,v,y
68475,0,O
68477,6,b
68478,f,F
68479,B,8
68487,Q,a
68489,j,i
68497,z,e
68501,O,0
68502,O,0
68503,X,x
68512,k,K
68518,1,l
68523,W,w
68530,P,p
68531,y,4
68536,o,0
68541,l,1
68543,d,2
68544,P,D
68546,f,F
68551,o,0
68571,Z,z
68574,y,Y
68577,u,U
68587,J,S
68614,o,O
68620,S,5
68622,O,0
68640,I,1
68642,1,I
68643,t,E
68647,h,n
68649,m,M
68652,Z,z
68653,c,C
68654,i,1
68657,O,0
68663,m,M
68668,i,I
68671,I,1
68672,m,M
68678,m,M
68697,l,1
68704,W,w
68713,l,1
68714,s,S
68715,O,0
68718,b,6
68726,i,l
68733,c,C
68734,O,0
68739,O,0
68762,l,I
68771,z,2
68774,5,C
68789,V,r
68792,m,M
68801,e,C
68806,s,S
68813,0,O
68814,D,b
68833,g,q
68834,I,1
68840,y,Y
68848,I,1
68853,X,x
68856,O,0
68858,l,1
68859,u,U
68865,m,M
68873,m,M
68874,S,5
68879,Q,a
68888,o,0
68905,6,b
68913,q,g
68921,O,0
68925,3,5
68927,2,a
68932,c,C
68933,e,C
68947,m,M
68950,l,1
68958,s,r
68961,c,C
68964,W,w
68980,u,U
68990,O,0
68995,l,I
69000,t,r
69024,r,R
69031,t,T
69032,0,O
69039,l,I
69042,Y,y
69043,I,1
69097,O,0
69099,o,O
69103,l,1
69110,0,O
69121,O,0
69129,h,b
69147,l,1
69149,l,I
69155,l,1
69158,q,9
69168,m,M
69182,f,F
69183,S,5
69195,o,0
69197,O,0
69198,C,e
69215,0,O
69217,O,0
69222,i,I
69232,c,C
69253,I,1
69260,O,0
69263,V,v
69270,q,g
69276,h,n
69281,z,Z
69286,s,S
69292,q,9
69299,l,1
69307,I,1
69312,l,1
69348,u,U
69352,0,D
69369,4,Y
69374,r,T
69375,m,M
69393,u,U
69398,I,1
69407,m,M
69410,f,F
69418,P,p
69433,0,O
69437,l,1
69443,p,P
69445,O,0
69450,l,L
69451,l,1
69454,q,g
69459,n,h
69469,m,M
69480,Z,2
69490,I,1
69494,u,U
69503,O,0
69504,c,C
69505,l,I
69520,O,0
69523,l,1
69533,O,0
69535,u,U
69547,O,0
69553,H,U
69556,S,5
69559,O,0
69564,l,1
69566,l,1
69572,c,C
69596,w,W
69607,V,v
69608,o,O
69611,P,8
69612,n,N
69622,m,M
69624,o,0
69630,o,0
69636,I,l
69646,W,w
69650,I,1
69651,O,0
69672,l,1
69673,r,R
69679,O,0
69681,g,9
69691,p,P
69711,O,0
69720,p,P
69723,m,M
69726,s,S
69732,p,P
69734,I,1
69739,s,S
69748,0,O
69769,1,I
69771,s,5
69773,0,O
69781,I,1
69783,1,l
69789,k,K
69801,v,V
69807,l,1
69811,c,C
69819,I,l
69843,u,U
69857,q,9
69873,l,1
69882,l,I
69884,I,1
69887,l,1
69896,l,1
69901,W,w
69907,O,0
69918,6,b
69921,l,1
69922,S,5
69924,l,1
69930,X,x
69931,w,W
69952,J,j
69968,v,V
69969,l,1
69973,z,e
69974,I,1
69985,s,S
69993,O,0
69995,v,V
69998,Y,y
70001,s,S
70043,T,t
70045,m,M
70047,j,J
70051,D,0
70087,1,l
70107,n,N
70108,l,1
70116,0,O
70117,m,M
70127,w,W
70143,I,1
70151,l,1
70154,0,O
70156,W,w
70158,c,d
70161,q,9
70162,1,I
70168,f,F
70170,y,Y
70182,O,0
70185,I,1
70203,k,K
70213,O,0
70217,O,0
70221,l,L
70237,s,S
70239,I,1
70240,I,1
70249,5,S
70255,9,4
70256,f,F
70260,O,0
70286,O,0
70293,i,I
70304,8,6
70319,I,l
70336,w,W
70343,8,P
70345,f,F
70356,m,M
70360,f,F
70366,9,g
70367,I,1
70370,l,1
70378,6,G
70380,b,6
70385,l,1
70399,Z,2
70408,i,I
70416,o,O
70427,0,O
70430,S,5
70442,L,h
70445,n,M
70463,s,S
70478,q,9
70484,z,K
70496,t,T
70501,O,0
70503,u,U
70508,D,O
70518,l,1
70528,O,0
70533,G,6
70539,I,1
70540,J,j
70563,g,8
70567,z,Z
70579,y,4
70600,I,1
70605,o,0
70607,c,C
70610,y,Y
70611,S,5
70616,O,0
70626,O,0
70637,I,1
70640,l,1
70662,O,0
70663,O,0
70672,o,0
70673,s,S
70677,D,O
70686,7,2
70698,p,P
70711,2,a
70716,6,b
70718,p,P
70723,K,k
70724,0,O
70727,0,D
70728,u,U
70734,p,P
70735,1,2
70745,I,1
70749,J,5
70752,o,0
70756,o,O
70777,5,S
70779,I,1
70783,t,1
70794,0,O
70804,O,0
70808,J,5
70825,O,0
70826,l,1
70830,O,0
70857,0,O
70866,I,1
70873,y,4
70889,Z,2
70898,1,I
70899,p,P
70915,I,1
70930,W,q
70932,0,O
70933,W,w
70937,l,1
70940,0,O
70941,o,0
70952,v,r
70953,I,1
70962,I,1
70963,v,V
70965,g,9
70966,W,w
70969,l,1
70971,O,0
70975,l,1
70985,l,1
70990,1,l
70991,l,1
71009,9,4
71014,m,M
71016,z,2
71020,u,U
71032,P,8
71033,0,O
71034,0,O
71036,I,1
71039,2,z
71047,v,V
71048,t,T
71053,1,l
71054,l,1
71058,q,9
71070,b,6
71071,V,v
71074,S,d
71084,X,x
71085,4,1
71086,K,k
71096,l,1
71111,K,k
71113,m,M
71121,V,v
71141,l,1
71143,J,Y
71148,O,0
71152,K,k
71159,9,a
71171,I,1
71173,8,q
71177,1,l
71186,V,v
71187,0,O
71188,q,g
71189,O,0
71193,v,V
71198,O,0
71202,I,1
71213,a,4
71214,g,9
71224,l,1
71238,l,1
71239,O,0
71243,l,1
71245,l,1
71253,1,I
71267,e,t
71278,u,U
71284,4,y
71297,O,0
71298,c,C
71299,O,0
71316,1,l
71323,l,1
71327,O,0
71331,O,0
71368,l,1
71369,S,5
71380,1,l
71392,I,1
71393,5,S
71406,S,8
71424,O,0
71430,m,M
71437,5,S
71449,l,I
71454,0,O
71475,l,d
71479,g,9
71483,o,O
71486,n,h
71502,l,1
71503,O,0
71511,p,P
71514,O,0
71526,4,d
71529,y,4
71537,l,1
71542,s,S
71549,5,S
71550,I,1
71553,I,1
71554,I,1
71555,V,v
71570,O,0
71571,3,7
71574,u,U
71576,l,I
71581,0,n
71584,W,w
71595,l,1
71598,p,P
71603,Y,4
71606,l,e
71611,o,O
71615,B,e
71620,h,b
71623,l,I
71626,l,1
71643,l,1
71665,l,1
71668,J,j
71674,K,k
71685,0,O
71690,I,1
71707,7,y
71717,0,O
71741,l,1
71743,z,2
71744,d,L
71748,C,I
71750,u,U
71760,o,0
71763,y,4
71778,O,0
71786,O,0
71787,Z,z
71789,l,1
71798,7,2
71802,c,C
71828,m,M
71829,o,O
71868,n,O
71891,u,U
71892,O,0
71895,u,U
71908,I,1
71912,9,q
71919,l,I
71931,0,O
71934,0,O
71939,q,9
71940,O,0
71941,S,5
71951,O,0
71954,W,w
71962,c,C
71963,y,4
71966,1,I
71983,r,v
71987,l,1
71989,o,0
71992,s,S
71993,0,O
72007,l,1
72008,s,S
72010,p,P
72017,z,2
72021,I,1
72022,k,K
72026,O,0
72030,0,O
72033,1,j
72034,O,0
72035,l,1
72037,u,U
72040,I,1
72047,c,C
72062,4,9
72066,o,0
72069,c,C
72075,m,M
72077,c,C
72089,Y,1
72091,I,l
72098,O,0
72099,8,7
72101,z,2
72106,Z,2
72112,c,C
72120,l,1
72122,p,P
72123,Z,z
72157,p,P
72169,t,F
72177,O,0
72194,I,1
72202,0,O
72203,i,1
72205,O,0
72211,l,1
72212,l,1
72222,X,x
72239,o,0
72240,O,0
72248,D,0
72250,a,q
72257,V,v
72267,5,S
72269,Y,y
72282,f,F
72288,n,N
72299,g,S
72303,f,F
72306,s,S
72315,o,0
72322,I,1
72332,t,l
72334,O,0
72344,g,9
72355,l,1
72369,l,1
72375,I,1
72384,0,O
72387,p,P
72414,g,8
72420,1,r
72427,n,N
72434,l,1
72436,i,1
72437,C,6
72454,V,U
72455,g,8
72462,v,V
72467,O,0
72470,o,0
72480,S,5
72483,m,M
72497,l,1
72498,l,1
72502,0,O
72507,q,9
72528,l,1
72544,f,F
72558,O,0
72575,l,1
72582,q,8
72605,5,S
72614,l,I
72623,u,U
72630,I,1
72631,u,U
72637,o,0
72644,I,1
72647,i,I
72648,x,X
72652,s,S
72655,K,k
72667,0,O
72669,1,l
72683,m,M
72686,m,M
72687,g,S
72694,u,U
72695,i,1
72702,8,q
72706,l,1
72728,0,O
72734,s,S
72737,Z,2
72746,V,U
72750,v,V
72756,l,1
72765,Y,v
72767,k,K
72771,y,Y
72782,I,1
72786,6,b
72794,O,0
72818,Y,y
72834,O,0
72836,1,I
72842,6,b
72850,O,0
72852,l,1
72853,o,O
72867,s,S
72871,o,0
72873,4,x
72938,a,0
72940,Y,y
72951,F,f
72953,c,C
72956,O,0
72967,O,0
73009,l,1
73010,u,U
73016,k,K
73019,l,1
73025,O,0
73037,g,9
73047,K,k
73050,O,0
73056,X,x
73065,1,l
73068,I,1
73072,9,g
73086,X,x
73098,m,M
73133,7,T
73138,u,U
73141,l,1
73144,O,0
73145,u,U
73148,l,1
73149,l,1
73150,1,I
73163,o,0
73171,u,U
73172,1,l
73176,6,L
73221,9,g
73236,O,0
73249,n,N
73293,O,0
73296,Y,y
73325,u,U
73329,c,C
73339,I,1
73351,X,x
73365,1,r
73387,l,1
73399,y,Y
73400,i,1
73409,l,1
73421,P,p
73442,0,O
73446,l,1
73447,m,M
73449,n,M
73454,l,1
73455,O,0
73456,G,6
73461,s,S
73467,V,v
73471,v,V
73497,0,O
73502,5,S
73539,K,k
73546,l,1
73558,5,S
73564,s,S
73577,0,O
73593,p,P
73595,a,2
73605,o,0
73608,z,2
73615,I,1
73625,l,I
73631,G,9
73641,u,U
73658,s,S
73665,c,C
73679,5,S
73689,l,1
73694,2,Z
73703,Q,a
73706,u,U
73720,Y,y
73721,6,b
73736,0,O
73739,0,O
73742,0,O
73761,l,1
73763,K,k
73765,l,1
73768,0,O
73774,O,0
73790,0,O
73800,d,a
73804,q,g
73815,o,O
73835,m,M
73841,p,P
73847,l,1
73863,I,1
73873,W,w
73875,l,1
73890,W,w
73896,f,F
73897,c,C
73902,I,1
73903,g,9
73906,j,U
73915,u,U
73917,u,U
73920,0,O
73923,O,0
73924,0,O
73927,o,0
73932,O,0
73946,f,F
73953,u,U
73963,m,M
73970,1,l
73976,O,0
73992,l,1
73997,g,9
74000,O,0
74007,q,g
74009,Y,y
74018,l,1
74022,l,1
74038,q,9
74043,0,O
74045,o,0
74060,b,B
74079,q,g
74086,t,I
74091,l,1
74094,u,U
74103,1,l
74115,T,7
74121,r,n
74135,S,5
74136,T,t
74149,O,0
74160,I,1
74170,5,S
74175,V,U
74191,o,0
74195,1,l
74203,O,0
74206,z,Z
74211,I,1
74218,o,0
74231,l,1
74233,a,2
74240,u,U
74251,O,0
74252,Z,2
74259,l,1
74262,Z,2
74272,l,1
74279,1,I
74305,l,1
74318,P,e
74321,q,9
74329,0,O
74332,o,0
74380,s,S
74384,z,j
74396,l,I
74408,I,l
74430,h,H
74437,K,k
74444,Z,2
74451,9,q
74459,g,9
74466,O,0
74471,i,I
74473,y,Y
74474,O,0
74487,O,0
74495,I,1
74497,O,0
74498,o,0
74499,b,6
74500,m,M
74502,y,Y
74503,b,6
74510,q,9
74522,0,O
74528,v,V
74529,l,1
74530,F,t
74531,W,w
74532,I,1
74537,w,W
74544,l,I
74546,u,U
74547,O,0
74548,l,1
74553,c,C
74566,0,d
74582,0,O
74585,g,9
74586,O,0
74590,l,1
74598,0,9
74602,O,0
74615,F,t
74625,l,1
74627,6,U
74631,Y,y
74635,z,2
74638,O,0
74646,R,P
74651,I,1
74653,0,O
74662,l,1
74665,k,K
74679,m,M
74686,v,V
74689,k,K
74703,v,V
74705,l,1
74711,z,2
74734,a,2
74736,e,F
74743,l,1
74748,f,t
74764,0,O
74787,I,1
74788,0,O
74792,5,S
74795,w,W
74797,I,l
74825,o,O
74834,S,5
74839,z,2
74845,k,K
74852,S,5
74860,o,0
74861,X,x
74865,u,U
74875,5,S
74890,m,M
74914,l,1
74916,0,O
74923,z,Z
74944,1,l
74945,O,0
74947,0,O
74955,n,N
74958,m,M
74972,4,E
74984,s,d
75005,l,1
75006,S,5
75013,1,I
75018,I,1
75024,c,C
75026,Z,z
75033,V,U
75049,x,X
75062,O,0
75069,O,0
75082,l,1
75094,l,I
75095,I,1
75099,m,M
75115,m,M
75130,l,I
75134,P,r
75136,f,8
75159,l,I
75172,I,1
75176,l,1
75179,m,M
75182,I,1
75191,O,0
75194,C,e
75202,O,0
75208,u,U
75209,M,m
75211,0,O
75215,O,0
75240,s,S
75253,W,w
75263,I,1
75276,m,M
75277,0,O
75279,o,O
75287,n,N
75290,g,a
75294,I,1
75306,0,O
75307,O,0
75320,O,0
75323,t,4
75324,0,O
75325,l,I
75328,6,L
75334,l,I
75338,l,1
75350,l,1
75355,0,D
75368,O,0
75371,5,S
75382,K,k
75387,y,q
75390,X,x
75404,O,0
75406,w,W
75428,J,l
75430,l,1
75433,m,M
75438,Y,V
75441,1,l
75453,Y,y
75465,5,S
75481,0,O
75487,O,0
75492,p,P
75506,c,C
75509,l,1
75515,u,U
75518,x,X
75531,O,0
75534,p,P
75537,C,e
75543,w,W
75559,0,O
75571,O,0
75575,0,O
75600,1,l
75603,O,0
75608,K,k
75620,l,1
75622,X,x
75627,O,0
75629,I,1
75645,s,S
75653,m,M
75656,j,J
75665,1,l
75675,a,0
75677,q,9
75682,U,V
75691,O,0
75701,W,N
75708,l,1
75711,1,I
75715,v,r
75718,u,U
75720,Z,z
75723,f,F
75725,p,D
75728,l,1
75749,l,1
75759,6,C
75762,V,U
75767,Z,z
75778,o,O
75779,I,1
75781,u,U
75784,l,1
75785,q,9
75788,0,O
75789,r,R
75796,Y,y
75797,l,1
75798,l,1
75824,Y,y
75828,0,O
75833,g,8
75839,S,5
75844,N,H
75851,O,0
75855,S,5
75859,0,O
75862,k,K
75864,b,6
75875,0,O
75882,l,1
75883,O,0
75894,z,2
75907,O,0
75913,o,0
75917,x,X
75925,S,5
75927,1,l
75929,p,P
75930,a,9
75942,I,l
75954,l,1
75963,L,C
75986,O,D
75987,K,x
75996,z,Z
76003,0,O
76019,I,1
76044,Q,0
76054,I,1
76069,O,0
76075,s,S
76113,i,A
76136,V,U
76139,S,5
76144,F,t
76153,f,F
76157,f,F
76160,s,S
76169,I,1
76183,0,O
76186,O,0
76193,5,S
76202,J,j
76204,Z,2
76205,Y,4
76219,I,1
76236,q,9
76245,m,M
76249,I,1
76251,T,7
76253,O,0
76263,p,P
76277,V,v
76290,l,1
76312,l,1
76319,C,e
76321,2,a
76327,q,9
76328,y,7
76335,l,1
76337,F,P
76347,O,0
76362,b,6
76367,I,1
76370,l,1
76373,U,0
76377,m,M
76385,O,0
76392,c,C
76402,5,S
76410,1,l
76425,3,g
76427,O,0
76433,k,h
76442,s,5
76453,i,I
76455,O,0
76461,I,1
76463,0,O
76479,l,1
76486,o,O
76489,8,Y
76493,T,t
76510,c,C
76511,G,6
76518,f,F
76523,y,Y
76527,m,M
76533,O,0
76535,0,O
76539,0,O
76546,b,6
76550,O,0
76554,1,l
76584,i,I
76587,S,5
76596,o,O
76609,f,r
76615,m,M
76621,2,7
76622,e,C
76634,T,t
76636,5,S
76646,g,9
76654,7,F
76673,8,F
76698,O,0
76702,z,8
76731,l,1
76741,o,O
76746,l,1
76751,v,V
76752,k,K
76755,i,I
76757,S,5
76759,l,1
76762,f,F
76777,l,1
76778,I,1
76781,a,h
76790,I,1
76796,O,0
76803,I,1
76815,Y,7
76834,D,0
76839,k,K
76841,p,P
76852,O,0
76864,2,d
76868,m,M
76870,l,1
76875,x,X
76877,a,2
76884,o,O
76894,O,0
76901,l,1
76904,0,O
76917,O,0
76937,u,U
76952,l,I
76955,3,9
76963,l,1
76966,c,C
76974,m,M
76978,l,1
76986,x,v
76995,l,1
76999,l,1
77038,O,0
77063,0,D
77068,l,I
77078,1,l
77082,P,p
77094,O,0
77103,l,1
77106,q,9
77111,L,C
77112,0,O
77114,5,S
77117,O,0
77125,O,0
77135,5,Y
77143,I,1
77145,5,b
77147,x,Y
77148,u,U
77162,1,l
77174,5,S
77177,D,8
77181,1,l
77188,c,C
77197,y,Y
77199,i,1
77202,D,0
77204,N,H
77205,s,S
77208,Y,y
77220,p,P
77221,g,9
77222,s,S
77241,5,S
77242,k,K
77251,u,U
77257,l,1
77268,I,1
77270,m,M
77282,u,U
77300,m,M
77312,0,O
77318,C,e
77320,5,J
77322,I,1
77324,x,X
77325,v,V
77328,0,O
77329,O,0
77333,5,S
77352,0,O
77362,r,5
77374,u,U
77386,Z,2
77392,V,v
77397,c,C
77408,O,0
77411,X,x
77420,u,U
77425,m,M
77431,I,1
77433,c,C
77436,w,W
77438,m,M
77456,I,1
77460,I,1
77462,I,l
77466,z,e
77473,C,e
77478,l,1
77491,7,1
77509,I,1
77516,O,0
77521,c,C
77529,c,C
77548,l,1
77550,Z,z
77560,3,j
77581,u,U
77584,l,L
77594,p,P
77598,I,1
77601,8,r
77613,9,g
77614,2,3
77620,O,0
77622,I,1
77639,0,O
77643,l,1
77660,l,1
77666,5,S
77670,I,1
77673,1,l
77674,s,S
77677,O,0
77684,h,A
77693,0,O
77700,O,0
77701,O,0
77708,i,1
77714,r,R
77715,8,I
77721,5,S
77738,t,F
77752,I,l
77769,c,C
77770,1,l
77777,1,I
77823,0,O
77824,m,M
77831,1,I
77833,I,1
77840,m,M
77847,u,U
77850,x,X
77859,O,0
77876,m,M
77880,O,0
77881,h,L
77883,O,0
77891,w,W
77897,O,0
77911,u,U
77921,p,P
77930,l,Y
77934,r,n
77942,z,Z
77952,m,M
77964,I,1
77969,X,x
77970,l,1
77975,O,0
77980,I,1
77981,o,O
77983,i,1
77993,Y,4
77994,0,O
77999,b,D
78000,l,1
78017,m,M
78025,l,1
78029,d,t
78030,D,d
78038,q,8
78042,z,Z
78047,5,S
78051,f,F
78052,k,K
78062,o,C
78064,s,S
78078,v,V
78082,p,P
78084,O,0
78099,0,O
78101,N,H
78102,c,C
78121,l,I
78123,0,O
78125,l,1
78126,I,1
78129,D,b
78134,O,0
78144,5,S
78145,D,0
78151,l,1
78155,T,t
78165,O,0
78177,l,1
78181,m,M
78185,O,0
78187,l,7
78193,s,S
78197,x,k
78199,S,5
78205,v,V
78209,0,O
78213,1,l
78216,i,1
78227,u,U
78230,O,0
78239,s,S
78241,L,6
78256,O,0
78257,I,1
78259,O,0
78279,O,0
78287,z,2
78290,V,v
78293,l,1
78295,0,O
78299,m,M
78303,q,8
78305,l,1
78309,2,z
78324,O,0
78325,5,S
78359,c,C
78365,l,1
78367,Z,2
78369,6,5
78373,j,U
78375,l,1
78380,u,U
78384,u,U
78399,O,0
78403,l,1
78406,P,p
78411,I,1
78412,5,S
78414,Y,4
78435,i,I
78450,0,O
78453,I,l
78466,w,W
78479,s,S
78480,T,t
78484,5,S
78485,1,l
78486,o,O
78492,R,e
78494,f,t
78513,Z,z
78521,l,1
78524,v,V
78528,I,1
78535,i,1
78536,O,0
78539,o,0
78541,I,1
78562,p,P
78568,0,O
78576,m,M
78577,O,0
78584,l,I
78595,l,1
78597,1,l
78610,l,I
78633,e,C
78635,M,m
78639,l,I
78646,I,1
78652,X,x
78709,I,1
78713,l,1
78718,G,g
78724,O,0
78731,1,l
78742,I,1
78745,v,U
78750,X,x
78751,c,C
78761,5,S
78767,O,0
78780,l,1
78784,n,N
78786,W,w
78788,g,9
78794,q,9
78796,O,0
78817,f,F
78820,I,1
78829,F,t
78831,y,V
78833,l,1
78838,d,2
78843,g,9
78845,1,l
78847,1,l
78853,8,A
78863,S,5
78875,W,w
78876,I,1
78885,c,C
78888,I,1
78889,D,0
78890,O,0
78891,0,O
78897,m,M
78898,I,1
78909,0,O
78915,O,0
78936,O,0
78943,k,K
78950,q,9
78963,x,2
78973,Y,V
78980,O,0
79000,c,C
79001,j,J
79004,l,1
79007,u,U
79011,k,K
79020,V,v
79028,0,O
79036,o,O
79037,l,1
79038,0,O
79042,l,I
79051,v,U
79053,1,I
79055,c,C
79057,c,C
79058,K,k
79075,Z,z
79083,7,l
79085,u,U
79110,g,9
79120,h,n
79122,l,1
79127,0,O
79133,O,0
79150,c,C
79152,o,O
79153,u,U
79159,V,v
79173,1,l
79184,l,1
79198,o,O
79213,l,1
79244,z,Z
79245,O,0
79251,O,0
79284,l,1
79292,5,S
79296,o,0
79309,O,0
79318,o,O
79319,y,Y
79321,O,0
79323,0,P
79326,c,C
79345,l,1
79349,7,2
79357,O,0
79360,L,h
79368,1,I
79369,5,S
79370,0,O
79373,v,V
79377,l,1
79379,O,0
79380,m,M
79382,0,O
79383,K,k
79388,u,U
79395,U,4
79405,2,z
79411,0,B
79420,Z,z
79423,1,I
79451,P,p
79465,O,0
79468,c,C
79479,K,k
79483,q,9
79484,0,O
79504,q,Q
79514,V,r
79541,m,M
79548,S,5
79550,n,N
79554,s,S
79556,l,I
79563,1,l
79564,t,T
79569,g,q
79573,s,S
79574,F,t
79575,l,1
79578,4,U
79582,0,O
79590,O,0
79594,1,l
79600,a,q
79617,n,r
79619,g,9
79623,b,6
79629,c,C
79630,P,p
79647,c,C
79648,t,5
79677,V,r
79688,I,1
79703,9,g
79726,f,F
79731,0,O
79735,I,1
79737,u,U
79738,l,1
79755,O,0
79765,9,7
79773,O,0
79791,l,1
79800,K,k
79802,q,9
79822,7,Y
79824,O,a
79825,l,e
79829,5,S
79834,6,b
79842,I,1
79854,S,5
79889,O,0
79910,V,v
79911,Z,2
79914,q,9
79919,8,A
79920,o,0
79946,p,P
79950,O,Q
79956,0,O
79959,4,A
79979,H,N
79983,l,I
79998,5,S
80023,m,M
80034,l,1
80035,o,O
80043,c,C
80045,Z,2
80055,O,0
80070,l,1
80079,H,A
80084,0,O
80088,Z,z
80128,V,v
80133,f,F
80137,l,1
80143,f,t
80151,I,1
80162,0,O
80169,0,O
80171,b,6
80190,0,O
80210,l,1
80212,u,U
80213,y,Y
80214,u,U
80216,O,D
80222,0,O
80225,O,0
80245,2,z
80246,r,n
80253,o,O
80257,p,P
80267,N,n
80272,4,H
80274,z,2
80285,0,O
80298,I,l
80301,l,I
80303,K,k
80309,I,1
80328,O,0
80338,l,1
80344,m,M
80361,5,S
80365,M,w
80367,v,U
80371,O,0
80387,I,l
80423,t,T
80425,l,1
80433,S,5
80446,t,r
80450,O,0
80451,S,5
80464,o,O
80471,l,1
80479,I,1
80491,c,C
80497,O,0
80508,y,4
80525,l,1
80529,i,l
80552,V,v
80555,o,0
80560,I,1
80563,I,1
80567,7,1
80572,I,1
80590,O,0
80598,f,F
80615,H,W
80636,p,e
80651,s,S
80662,s,S
80663,f,F
80677,l,1
80682,p,P
80686,I,1
80692,u,U
80694,c,C
80705,t,r
80706,H,N
80711,I,1
80716,5,S
80735,l,1
80755,u,U
80759,O,0
80764,q,g
80770,O,0
80778,l,1
80785,6,L
80793,4,q
80796,O,0
80809,0,O
80810,l,1
80826,c,C
80834,O,0
80835,m,M
80839,l,1
80843,l,1
80848,l,1
80853,q,9
80855,0,O
80857,l,1
80862,f,F
80866,l,1
80867,E,5
80913,8,Q
80919,c,C
80934,o,O
80943,K,k
80944,u,U
80946,Y,y
80955,X,x
80957,o,0
80962,o,O
80963,O,0
80969,I,1
80980,w,W
81004,q,9
81007,R,k
81011,T,t
81012,Z,2
81029,5,S
81030,l,1
81047,O,0
81061,c,C
81069,1,I
81089,0,O
81093,W,w
81100,5,S
81101,X,x
81111,c,C
81115,R,a
81119,p,P
81120,l,1
81125,Y,l
81127,l,1
81146,v,V
81164,O,0
81169,a,A
81179,V,U
81186,O,0
81191,o,0
81192,n,M
81210,1,I
81229,w,W
81233,T,t
81235,j,i
81236,0,O
81255,O,0
81260,O,0
81263,l,1
81268,C,L
81294,l,1
81295,x,X
81300,l,1
81313,f,F
81325,0,O
81335,O,0
81336,O,0
81344,y,Y
81352,0,O
81353,W,w
81358,u,U
81360,m,M
81361,a,2
81362,l,1
81365,c,C
81371,X,x
81376,t,T
81377,O,0
81380,o,0
81381,6,U
81384,G,6
81392,5,8
81405,O,0
81425,v,J
81426,O,0
81433,k,K
81443,I,1
81446,l,1
81448,I,1
81449,i,1
81455,l,1
81459,O,0
81483,0,O
81488,l,1
81511,O,0
81533,l,1
81537,l,1
81539,P,p
81551,m,M
81552,c,C
81554,u,4
81569,u,U
81577,g,j
81580,0,O
81586,O,0
81607,y,4
81608,m,M
81614,O,0
81623,V,v
81625,l,1
81637,I,1
81640,q,9
81643,0,O
81644,0,O
81647,6,b
81650,b,6
81677,f,F
81691,f,F
81693,i,l
81699,l,1
81704,t,T
81714,O,0
81716,m,M
81733,o,0
81741,s,S
81742,j,d
81746,a,e
81762,G,6
81765,g,9
81772,X,x
81775,f,F
81780,c,C
81787,l,1
81797,s,S
81798,m,M
81818,O,0
81819,o,O
81821,v,r
81829,W,w
81833,g,9
81838,0,O
81848,0,d
81858,9,q
81870,0,O
81887,S,5
81891,q,8
81896,y,Y
81901,s,S
81909,O,0
81924,W,w
81941,0,O
81949,y,Y
81952,g,8
81953,I,1
81974,y,v
81988,S,5
81991,S,5
81996,l,1
81997,H,N
82002,1,l
82005,I,1
82013,l,1
82016,p,P
82020,l,1
82031,o,0
82043,O,0
82060,O,0
82063,O,0
82077,0,O
82083,C,z
82087,I,1
82094,O,0
82095,Y,r
82102,p,P
82109,0,O
82114,0,O
82122,T,t
82125,Y,y
82127,k,K
82133,l,1
82140,6,b
82154,o,O
82160,0,O
82166,5,S
82169,I,l
82171,I,1
82172,o,O
82179,Y,y
82180,E,8
82183,k,K
82184,f,t
82236,0,O
82244,I,l
82246,4,U
82268,u,U
82270,x,X
82272,c,C
82286,o,0
82291,0,O
82300,l,1
82319,W,w
82320,w,W
82337,O,0
82338,f,F
82341,y,Y
82344,Z,2
82358,l,1
82362,K,k
82363,U,a
82384,m,M
82389,l,I
82393,2,J
82404,k,K
82411,4,U
82416,I,1
82422,I,1
82430,1,I
82443,c,C
82451,0,O
82454,q,9
82460,5,S
82466,m,M
82468,6,b
82469,l,1
82470,I,1
82473,s,S
82474,l,L
82475,J,j
82484,l,1
82486,c,C
82487,S,5
82496,o,0
82497,f,F
82502,0,O
82508,U,4
82510,O,0
82515,4,x
82522,a,9
82546,6,b
82557,l,1
82561,0,O
82564,Y,y
82569,l,1
82570,i,6
82574,j,1
82593,T,t
82598,I,7
82603,s,S
82612,z,2
82635,4,U
82638,o,O
82639,O,0
82651,6,b
82652,6,b
82659,L,l
82663,X,x
82669,q,9
82690,X,x
82698,c,C
82726,O,0
82730,O,0
82745,O,0
82748,p,P
82762,t,T
82764,m,M
82780,u,U
82785,V,U
82789,O,0
82794,I,1
82798,0,O
82811,5,S
82818,1,I
82823,I,1
82824,O,0
82827,s,S
82828,s,S
82849,f,F
82857,U,q
82859,Z,z
82867,0,O
82876,I,1
82877,S,5
82891,V,W
82896,u,U
82908,l,1
82912,I,1
82916,O,0
82922,o,O
82927,q,9
82934,1,r
82937,m,M
82939,s,S
82940,m,M
82948,m,M
82953,v,V
82957,I,1
82959,r,h
82965,Z,2
83007,k,K
83009,O,0
83011,g,9
83020,m,M
83025,l,1
83026,0,O
83027,S,5
83050,0,O
83055,c,C
83064,r,R
83065,9,g
83073,I,1
83077,x,X
83084,O,0
83096,Y,X
83116,O,0
83117,o,0
83120,W,w
83137,m,M
83143,l,1
83147,l,1
83151,O,0
83158,z,Z
83176,c,C
83177,0,O
83197,g,9
83203,p,P
83216,I,1
83217,0,O
83220,O,0
83227,p,P
83228,J,j
83229,1,l
83237,c,C
83245,y,Y
83251,V,v
83257,W,w
83266,X,x
83273,I,1
83282,O,0
83304,0,O
83310,o,0
83320,1,l
83334,O,0
83338,O,0
83342,P,p
83347,D,2
83358,u,U
83360,s,S
83375,m,M
83387,q,9
83393,0,O
83405,l,1
83413,s,S
83415,O,0
83420,G,6
83423,A,t
83427,V,U
83431,I,1
83433,O,0
83440,s,S
83441,T,t
83446,V,U
83447,s,S
83467,O,0
83468,8,T
83487,T,t
83488,z,2
83489,u,U
83491,z,Z
83497,5,S
83499,0,O
83502,i,1
83511,s,S
83519,5,S
83525,m,M
83527,f,F
83544,b,6
83545,9,7
83547,0,O
83554,l,1
83560,0,O
83568,u,U
83575,I,1
83589,p,P
83602,1,I
83622,0,O
83623,0,O
83626,b,6
83636,e,t
83637,H,4
83651,O,e
83653,i,1
83672,m,M
83676,l,1
83686,l,1
83691,o,O
83695,I,1
83698,l,1
83704,l,1
83713,X,x
83717,1,I
83719,T,t
83721,w,W
83737,m,M
83744,Y,y
83747,I,1
83764,Y,4
83766,s,S
83790,o,0
83825,M,m
83828,O,0
83840,l,1
83862,v,V
83874,5,S
83876,P,p
83877,x,X
83878,0,O
83908,l,1
83914,I,1
83920,5,S
83931,O,0
83934,5,S
83947,u,n
83954,0,O
83960,q,Q
83967,l,1
83972,I,1
83980,O,0
83984,I,1
83990,O,0
83991,W,w
84000,Z,2
84005,s,S
84006,q,9
84011,1,I
84017,H,4
84025,l,I
84031,I,1
84033,i,I
84036,I,1
84048,O,0
84055,l,1
84062,W,w
84065,l,1
84094,O,0
84101,G,6
84105,D,O
84119,l,I
84123,V,v
84124,I,1
84149,O,0
84157,5,S
84162,I,1
84176,b,6
84184,z,Z
84192,V,v
84193,0,O
84199,p,P
84202,j,J
84209,v,V
84212,0,O
84215,l,1
84216,t,F
84234,O,0
84242,c,C
84272,m,M
84282,s,S
84284,L,C
84285,t,X
84286,j,J
84289,I,1
84290,o,0
84295,0,O
84306,o,O
84312,I,1
84315,5,S
84321,l,1
84332,l,1
84336,J,7
84344,c,C
84373,l,1
84387,z,2
84395,I,1
84397,Z,z
84410,v,V
84414,q,9
84418,Y,y
84435,l,1
84436,P,p
84448,h,L
84449,q,g
84455,l,1
84464,I,1
84475,l,1
84496,l,1
84501,l,1
84511,l,1
84552,z,2
84555,B,0
84566,5,S
84572,c,C
84588,x,2
84592,I,l
84597,O,0
84609,O,0
84617,l,1
84620,o,O
84637,q,9
84638,0,O
84641,r,V
84649,5,S
84662,p,P
84671,g,9
84685,r,T
84689,6,b
84698,z,2
84706,O,0
84710,W,w
84711,S,5
84726,u,U
84731,m,M
84740,V,v
84744,O,0
84747,l,1
84763,X,x
84764,I,1
84778,5,S
84782,y,Y
84791,t,T
84799,f,F
84804,e,l
84805,f,F
84808,W,w
84811,O,0
84812,5,b
84813,p,R
84823,l,1
84848,u,U
84859,0,O
84875,o,0
84880,I,1
84884,Z,z
84893,I,1
84908,l,1
84925,l,1
84928,X,x
84930,C,e
84937,I,1
84941,f,F
84958,4,U
84963,0,D
84966,b,6
84970,0,O
84985,5,S
84986,l,1
85009,S,5
85011,l,1
85014,l,1
85016,o,0
85022,1,l
85027,q,9
85031,2,D
85039,t,T
85040,c,C
85043,0,O
85052,u,U
85061,0,D
85070,O,0
85076,l,1
85087,0,O
85097,q,9
85102,f,F
85112,G,g
85115,I,1
85119,f,F
85126,l,I
85132,l,1
85141,I,1
85144,Z,2
85145,q,9
85154,p,P
85162,s,S
85168,g,9
85173,2,z
85175,1,l
85198,l,1
85210,I,1
85213,l,1
85217,i,I
85220,O,0
85241,M,O
85243,Z,z
85245,c,C
85256,P,p
85262,I,1
85264,c,C
85267,O,0
85287,N,W
85293,s,S
85331,t,S
85340,1,l
85342,s,S
85343,l,1
85344,l,1
85353,I,1
85367,v,U
85373,I,1
85374,W,w
85375,F,d
85378,V,v
85379,l,1
85383,O,0
85384,0,O
85415,c,C
85419,y,Y
85423,f,F
85442,s,S
85479,O,0
85485,I,1
85490,H,W
85497,I,1
85508,O,0
85517,O,0
85532,N,n
85536,l,1
85537,l,1
85539,l,1
85548,R,E
85550,1,l
85558,T,t
85560,K,k
85565,q,9
85567,p,P
85570,i,1
85572,z,Z
85573,O,0
85577,l,1
85583,I,l
85588,O,0
85596,v,V
85605,l,1
85610,X,x
85613,u,U
85652,k,E
85659,O,0
85665,y,M
85668,Y,V
85676,l,1
85678,q,9
85680,m,M
85691,4,U
85699,u,U
85703,O,0
85709,T,r
85714,l,1
85716,2,a
85728,O,0
85749,3,5
85751,m,M
85761,j,i
85762,o,O
85765,v,V
85767,O,0
85768,b,6
85793,I,1
85801,O,0
85804,q,9
85832,T,t
85850,m,M
85852,q,g
85855,1,l
85856,b,6
85860,p,P
85861,O,0
85871,X,x
85881,2,z
85896,X,x
85901,l,1
85917,m,M
85919,O,0
85930,q,9
85936,O,0
85944,W,w
85957,q,g
85960,I,1
85967,t,T
85972,O,0
85983,s,S
85986,l,1
85989,O,0
85994,c,C
85997,s,S
86000,p,P
86002,O,0
86008,O,0
86013,r,n
86019,0,O
86021,O,0
86022,y,Y
86023,l,1
86031,I,1
86035,P,p
86052,s,S
86067,5,S
86070,l,1
86076,O,0
86091,u,U
86097,E,e
86101,1,I
86103,Z,2
86106,I,1
86107,I,1
86109,c,C
86123,u,U
86127,o,O
86137,V,U
86152,I,C
86154,l,1
86159,W,w
86165,q,9
86172,w,W
86173,0,O
86174,D,O
86182,l,1
86202,v,V
86206,0,O
86217,O,0
86234,I,1
86238,V,v
86242,Y,y
86245,z,2
86250,7,z
86263,O,0
86271,d,a
86273,8,t
86287,d,N
86293,G,6
86294,l,I
86296,0,O
86299,q,a
86306,0,O
86317,O,0
86322,s,S
86329,5,S
86333,l,1
86342,8,9
86345,g,8
86348,I,l
86353,W,w
86355,I,1
86361,0,O
86363,l,t
86366,S,5
86392,m,M
86402,l,1
86405,O,0
86407,5,S
86409,L,l
86414,O,0
86418,0,O
86424,Y,4
86432,u,U
86461,l,1
86478,I,1
86484,1,l
86493,z,Z
86508,i,2
86517,0,O
86526,O,0
86528,2,Z
86532,u,U
86534,f,t
86537,l,1
86544,Z,z
86549,I,l
86554,f,F
86573,k,K
86575,q,9
86586,2,1
86592,5,S
86633,I,1
86636,s,S
86640,o,O
86641,Q,0
86647,O,0
86652,e,C
86661,O,0
86677,O,0
86695,I,1
86734,m,M
86745,P,D
86769,1,I
86771,Z,z
86781,Z,z
86803,n,N
86809,t,T
86811,O,0
86823,3,2
86825,P,p
86836,v,U
86838,I,1
86849,l,1
86857,p,P
86860,v,V
86881,6,b
86896,5,S
86897,Q,9
86906,c,C
86925,o,0
86928,8,d
86932,V,U
86937,p,P
86938,q,4
86939,7,M
86945,6,b
86953,s,S
86963,I,1
86964,O,0
86966,l,1
86968,p,P
86969,l,1
86974,1,l
86977,l,1
86997,0,O
86999,6,b
87013,b,6
87019,g,P
87020,O,0
87047,5,8
87052,i,I
87055,O,0
87061,l,1
87065,b,6
87070,m,M
87072,7,4
87078,o,O
87086,0,O
87094,l,1
87108,u,U
87123,O,0
87126,2,g
87128,v,U
87134,m,M
87136,p,P
87140,q,9
87141,O,0
87146,7,2
87160,P,p
87163,l,1
87174,B,8
87178,p,P
87179,2,L
87186,l,1
87187,O,0
87196,f,F
87197,O,0
87238,Y,y
87248,x,X
87255,o,O
87256,O,0
87260,l,1
87273,I,1
87286,l,1
87287,l,1
87292,O,0
87304,O,0
87315,8,B
87321,r,T
87326,u,U
87329,K,k
87334,l,1
87335,r,R
87336,I,1
87341,9,a
87342,t,T
87349,0,O
87351,X,x
87354,l,1
87361,o,O
87369,1,l
87380,1,l
87383,l,1
87403,l,I
87406,0,O
87411,0,D
87419,O,0
87423,8,2
87426,8,d
87427,V,U
87450,O,0
87461,q,9
87466,g,9
87469,s,S
87473,I,1
87481,l,1
87484,1,l
87486,0,2
87495,W,w
87497,k,K
87500,b,6
87505,C,e
87522,g,9
87526,g,a
87538,O,0
87541,o,0
87549,l,1
87567,c,C
87575,g,a
87583,O,0
87585,s,g
87587,O,D
87598,l,I
87602,l,1
87615,O,0
87617,P,p
87620,c,C
87629,0,O
87634,s,S
87635,0,O
87642,J,5
87648,M,N
87652,u,U
87655,I,1
87656,I,1
87672,q,g
87676,w,W
87677,I,l
87688,O,0
87699,V,v
87704,t,e
87709,O,0
87713,O,0
87715,1,l
87717,l,L
87722,m,M
87761,m,M
87766,G,C
87770,O,0
87782,1,l
87805,q,9
87831,V,v
87851,c,C
87854,G,E
87856,O,0
87859,O,0
87868,5,S
87869,I,1
87885,l,I
87893,k,K
87903,O,0
87907,c,C
87914,c,C
87922,f,F
87923,m,M
87938,I,1
87949,z,2
87967,b,6
87969,p,P
87986,l,1
87987,0,O
87991,I,1
87993,V,U
88003,O,0
88004,z,2
88010,6,b
88011,Q,O
88014,l,1
88021,I,1
88045,X,x
88050,1,l
88069,l,I
88072,5,S
88073,9,g
88078,u,U
88095,Y,t
88098,O,0
88107,1,l
88127,5,S
88128,I,1
88129,c,C
88134,0,O
88138,V,v
88148,O,0
88152,O,0
88153,l,1
88176,m,M
88196,y,Y
88211,l,1
88220,C,e
88221,8,y
88227,I,1
88230,O,0
88233,v,V
88256,w,W
88258,H,4
88263,1,l
88271,m,M
88287,3,5
88291,I,1
88300,l,1
88311,0,O
88319,W,w
88325,H,b
88326,z,2
88335,0,O
88340,b,6
88346,I,1
88353,O,0
88374,L,l
88380,l,1
88381,l,1
88387,f,F
88395,8,9
88404,y,Y
88419,I,1
88420,I,2
88444,s,S
88445,W,w
88457,g,9
88468,l,1
88469,u,U
88478,l,I
88483,l,1
88488,I,l
88490,i,1
88498,O,0
88502,5,S
88509,g,9
88511,v,V
88535,O,0
88537,i,I
88541,s,S
88557,l,1
88561,q,a
88575,O,0
88576,I,l
88589,I,1
88595,q,9
88596,0,O
88602,s,N
88615,l,1
88624,T,t
88634,0,O
88642,O,0
88662,o,O
88663,O,0
88667,c,C
88678,l,I
88685,s,S
88687,s,S
88689,f,F
88697,Y,r
88701,L,C
88708,O,0
88727,h,n
88743,1,i
88744,A,h
88745,e,E
88748,o,O
88751,O,0
88758,Y,y
88763,1,l
88768,y,Y
88774,1,l
88786,I,1
88790,K,k
88791,O,0
88800,T,7
88817,A,2
88818,l,1
88819,O,0
88822,v,V
88826,1,l
88829,E,e
88841,I,1
88842,s,S
88851,f,F
88855,0,O
88859,0,O
88861,h,H
88864,t,r
88865,O,0
88869,O,0
88873,u,U
88874,I,l
88883,0,O
88887,0,O
88890,1,l
88891,O,U
88894,I,l
88899,1,l
88905,m,M
88910,l,1
88916,0,O
88935,h,H
88950,o,O
88951,j,8
88953,O,0
88968,m,M
88977,s,S
88980,O,0
88986,O,0
88992,I,l
88994,W,w
88998,X,x
89009,p,P
89010,l,1
89022,k,K
89026,1,l
89051,v,V
89075,f,F
89094,j,J
89096,0,O
89100,6,b
89115,O,0
89126,h,n
89128,f,F
89130,P,p
89136,0,O
89140,c,C
89146,m,M
89151,l,1
89154,a,d
89168,o,O
89175,r,R
89176,t,T
89179,m,M
89184,o,O
89190,v,V
89202,c,C
89212,1,l
89219,l,1
89228,x,X
89229,m,M
89232,P,p
89234,5,F
89239,O,0
89247,m,M
89256,8,E
89268,O,0
89273,3,2
89285,O,0
89289,l,1
89294,s,S
89295,9,g
89305,y,x
89308,y,Y
89323,8,t
89336,s,S
89343,O,0
89352,u,U
89355,5,9
89356,O,0
89357,i,1
89359,Z,2
89362,O,0
89364,0,O
89375,o,O
89377,O,0
89390,c,C
89391,z,2
89397,S,5
89402,u,U
89411,c,C
89428,l,1
89430,s,S
89432,l,1
89438,g,9
89444,O,0
89446,l,1
89456,f,F
89460,O,0
89463,l,1
89471,d,J
89472,p,P
89485,W,w
89494,l,1
89499,0,O
89524,s,S
89534,O,0
89536,Y,4
89537,I,1
89539,m,M
89545,s,S
89553,g,9
89563,j,i
89575,n,N
89582,v,V
89584,S,5
89592,Y,y
89594,1,l
89601,I,1
89604,X,x
89610,y,Y
89629,4,t
89630,c,C
89657,g,8
89665,I,1
89668,I,1
89670,s,5
89680,O,0
89685,O,0
89696,z,2
89697,l,1
89702,l,I
89712,b,6
89720,I,1
89721,N,n
89722,y,Y
89727,S,5
89738,O,0
89740,X,x
89744,J,I
89751,P,p
89753,g,9
89754,O,0
89765,I,l
89771,v,U
89774,l,1
89777,s,5
89795,0,D
89797,U,2
89802,i,I
89815,T,t
89820,S,5
89822,I,1
89833,1,I
89835,o,0
89845,1,I
89847,0,O
89848,l,1
89856,l,1
89867,l,1
89873,q,9
89885,9,q
89889,i,t
89896,c,C
89900,s,S
89905,O,0
89919,l,1
89933,q,9
89952,q,9
89956,l,1
89961,0,O
89966,1,I
89967,0,D
89972,V,U
89978,O,0
89984,5,S
89985,O,0
89999,O,0
90006,0,O
90012,t,r
90021,I,1
90023,s,N
90024,I,l
90027,0,O
90033,o,0
90034,y,4
90043,O,0
90046,6,L
90049,f,F
90051,0,O
90054,d,D
90060,1,l
90063,z,2
90074,7,9
90075,k,K
90079,0,O
90085,o,O
90093,u,U
90106,k,K
90117,f,F
90125,0,O
90145,z,Z
90149,l,1
90156,I,l
90164,u,U
90193,l,1
90196,1,l
90204,4,Y
90205,l,1
90208,h,2
90220,l,1
90227,t,r
90269,0,O
90271,F,8
90277,1,l
90285,l,1
90287,S,5
90298,j,J
90312,0,O
90329,W,w
90335,8,S
90340,t,T
90345,O,0
90350,l,1
90356,0,O
90362,b,6
90372,Y,x
90387,I,1
90399,1,l
90403,0,O
90405,l,1
90422,0,O
90423,0,O
90427,q,g
90428,s,S
90435,3,S
90443,A,R
90445,I,1
90449,0,O
90450,0,O
90466,m,M
90480,p,P
90482,l,1
90486,P,D
90502,l,1
90508,a,e
90516,O,0
90529,0,O
90540,V,v
90549,f,F
90553,1,l
90554,9,a
90562,I,1
90563,h,L
90565,o,0
90576,8,Y
90577,g,8
90592,f,F
90598,1,l
90608,O,0
90618,O,0
90622,W,w
90630,u,U
90639,l,1
90641,O,0
90650,q,9
90655,i,I
90657,i,1
90668,e,h
90670,m,M
90703,O,0
90710,L,C
90712,I,l
90727,0,O
90743,0,O
90748,0,O
90749,I,1
90766,8,x
90770,w,W
90777,m,M
90780,Z,2
90783,s,S
90784,l,1
90786,I,1
90787,I,1
90788,W,v
90797,l,1
90799,V,v
90808,l,1
90814,y,4
90815,Z,2
90824,1,I
90826,z,Z
90840,g,q
90842,c,C
90851,O,0
90853,O,0
90871,p,Q
90872,O,0
90877,u,4
90888,c,C
90894,m,M
90917,u,U
90941,V,v
90953,m,M
90956,f,l
91000,0,O
91007,p,R
91014,y,4
91060,u,U
91064,2,8
91072,0,O
91090,I,1
91100,l,1
91103,l,1
91133,o,O
91135,O,0
91136,3,5
91140,s,S
91142,r,V
91155,O,0
91182,S,5
91184,6,L
91190,c,C
91205,c,C
91215,l,1
91228,p,P
91241,6,b
91246,O,0
91262,Y,y
91263,a,q
91271,z,3
91280,I,l
91283,s,S
91290,O,0
91291,u,U
91293,c,C
91294,K,k
91301,I,1
91313,l,1
91347,5,J
91348,Y,y
91351,o,O
91352,c,C
91369,Y,4
91375,O,0
91386,O,0
91401,l,1
91406,o,O
91413,O,0
91414,l,1
91426,W,w
91438,b,8
91440,l,1
91442,Q,a
91451,u,U
91479,F,t
91494,z,Z
91497,W,w
91502,b,L
91507,O,0
91519,l,1
91525,I,1
91547,O,0
91558,u,U
91576,I,1
91583,0,O
91595,2,d
91612,m,M
91618,p,P
91625,l,1
91627,f,F
91632,u,U
91634,l,1
91672,l,1
91675,l,1
91680,l,1
91695,I,1
91697,c,C
91703,z,Z
91706,c,C
91717,o,O
91724,P,p
91727,Y,y
91770,0,O
91773,m,M
91784,O,0
91787,1,L
91794,O,0
91795,i,1
91811,V,U
91816,V,U
91821,C,e
91822,f,F
91849,g,9
91856,l,1
91864,0,a
91865,j,J
91867,d,D
91878,O,0
91881,l,1
91884,l,1
91895,l,1
91897,O,0
91899,l,1
91903,c,C
91911,5,S
91931,x,X
91935,l,1
91937,O,0
91941,l,1
91945,W,w
91954,5,S
91959,g,9
91962,u,U
91966,l,1
91967,S,5
91968,l,1
91987,h,n
91996,I,1
92003,i,I
92008,l,1
92018,C,e
92029,O,0
92034,i,I
92035,s,S
92040,O,0
92041,f,F
92042,I,1
92051,l,1
92054,0,O
92069,1,l
92073,X,x
92074,I,1
92076,O,0
92077,o,O
92103,O,0
92108,y,Y
92115,s,S
92120,s,a
92129,O,0
92131,k,K
92155,q,9
92158,l,1
92161,O,0
92164,v,U
92167,z,2
92168,6,S
92185,6,b
92186,7,M
92187,O,0
92193,2,z
92197,y,Y
92199,Y,V
92213,c,C
92219,t,T
92223,G,6
92242,m,M
92243,q,9
92249,8,x
92254,u,U
92259,1,I
92264,m,M
92275,c,C
92280,W,n
92292,0,O
92309,l,1
92322,G,6
92334,l,I
92338,l,1
92343,0,O
92346,y,4
92347,0,O
92351,1,I
92353,O,0
92361,l,1
92373,0,O
92378,S,5
92390,O,0
92395,q,Q
92402,G,6
92427,c,C
92446,f,F
92449,I,1
92450,O,0
92452,l,I
92454,l,1
92456,i,I
92464,i,l
92471,l,I
92499,v,V
92503,O,0
92508,u,U
92533,c,C
92542,0,O
92575,I,S
92583,I,1
92585,c,C
92590,I,z
92595,B,P
92601,c,C
92611,f,F
92614,l,1
92625,T,t
92630,O,0
92641,m,M
92643,g,8
92671,m,M
92676,4,t
92683,a,g
92686,I,l
92739,z,Z
92744,f,F
92747,u,U
92751,P,p
92754,O,0
92778,Z,2
92791,I,1
92817,i,1
92831,I,1
92832,O,0
92844,l,1
92847,l,1
92856,m,M
92862,S,5
92872,z,2
92888,Y,J
92889,O,0
92892,0,O
92905,Y,V
92910,9,4
92916,0,O
92918,F,t
92921,l,1
92931,i,l
92942,u,U
92943,i,I
92944,Z,2
92948,p,P
92966,Z,z
92967,4,H
92986,l,I
92992,2,z
92995,i,I
92997,9,g
93001,g,9
93008,T,7
93010,u,U
93013,g,9
93018,O,0
93023,l,1
93031,O,0
93041,V,r
93056,O,0
93074,8,O
93076,0,O
93082,O,0
93100,h,n
93105,0,O
93106,I,1
93114,S,5
93118,c,C
93121,O,0
93124,O,0
93132,1,l
93144,c,C
93149,O,0
93161,I,1
93169,0,O
93176,O,0
93186,0,O
93210,i,I
93215,i,1
93216,l,1
93217,0,O
93222,I,1
93223,I,1
93227,p,P
93232,O,0
93238,V,v
93245,O,0
93255,O,0
93264,I,1
93265,i,1
93272,f,F
93282,g,9
93286,Z,2
93288,z,2
93290,l,1
93293,l,1
93306,s,5
93321,Y,y
93325,I,1
93330,V,v
93343,p,P
93364,m,M
93374,O,0
93376,m,M
93390,I,1
93398,l,1
93407,O,0
93411,s,S
93421,V,v
93428,V,v
93435,l,1
93438,I,1
93455,z,Z
93458,0,O
93459,a,d
93468,O,0
93476,O,0
93480,i,1
93482,I,1
93490,O,0
93500,q,9
93502,l,1
93533,g,9
93541,w,W
93547,5,S
93550,5,S
93551,I,1
93561,s,S
93567,V,v
93568,X,x
93570,t,T
93574,g,9
93584,l,1
93592,1,l
93594,I,1
93598,s,3
93602,O,0
93605,6,b
93628,o,O
93630,O,0
93633,y,9
93636,s,S
93638,k,K
93653,O,0
93662,u,U
93672,K,k
93681,O,0
93705,V,U
93709,l,1
93714,j,9
93715,T,t
93725,o,O
93736,S,5
93744,0,8
93754,l,1
93767,Y,y
93768,O,0
93798,I,1
93810,2,L
93817,l,1
93819,q,g
93822,O,0
93827,x,X
93834,j,i
93835,m,M
93849,O,0
93862,s,S
93900,l,I
93912,O,0
93914,b,5
93933,G,6
93938,l,I
93950,k,K
93973,u,U
93979,u,U
93989,f,F
94000,o,0
94003,y,Y
94011,O,0
94023,J,j
94024,O,0
94063,0,O
94070,n,N
94076,0,O
94081,l,1
94082,l,1
94112,l,1
94122,f,F
94136,z,Z
94146,w,W
94151,I,l
94154,O,0
94155,X,x
94177,y,Y
94178,T,7
94181,l,1
94190,g,8
94195,u,U
94204,O,0
94219,W,w
94222,g,9
94223,o,O
94224,O,0
94250,0,O
94258,Z,z
94265,c,C
94271,l,1
94294,l,1
94297,o,0
94304,O,0
94307,r,l
94308,p,P
94313,o,O
94316,F,t
94329,s,S
94332,q,a
94335,O,0
94339,q,9
94344,X,x
94346,O,0
94347,l,1
94354,p,P
94360,g,9
94363,0,O
94381,O,0
94384,m,M
94387,l,1
94388,4,6
94400,z,2
94407,y,Y
94410,m,M
94420,u,U
94422,z,Z
94428,2,L
94429,m,M
94445,u,U
94448,c,C
94449,E,e
94462,5,S
94469,O,0
94472,l,1
94475,q,9
94480,I,1
94487,5,r
94491,w,W
94510,I,l
94512,u,U
94515,8,7
94529,O,0
94532,O,0
94538,y,Y
94539,T,t
94547,m,M
94548,l,1
94549,Z,2
94553,Y,4
94560,0,O
94566,l,1
94568,2,d
94572,I,1
94576,7,3
94587,O,0
94600,I,1
94607,l,1
94628,l,1
94630,D,O
94632,5,S
94633,a,A
94638,l,1
94642,O,0
94646,c,C
94654,s,S
94674,I,i
94680,e,E
94685,G,0
94690,l,1
94697,0,O
94717,m,M
94719,G,6
94728,0,O
94732,u,U
94733,m,M
94747,4,U
94757,I,1
94771,o,O
94772,f,F
94777,1,l
94782,1,l
94793,o,O
94803,y,x
94815,5,S
94816,l,1
94824,Y,4
94831,y,Y
94832,0,O
94838,0,O
94841,w,W
94851,T,t
94852,o,O
94862,c,C
94875,8,g
94878,l,1
94885,l,1
94897,I,1
94902,f,t
94905,l,1
94929,v,V
94944,J,j
94948,P,Y
94955,p,e
94972,O,0
94990,6,C
94991,W,w
95001,l,1
95046,1,l
95049,O,0
95054,l,1
95064,7,Y
95067,I,1
95081,p,P
95086,z,2
95087,O,0
95100,c,C
95115,l,1
95121,S,5
95139,f,F
95145,5,S
95149,l,1
95150,u,U
95166,O,0
95202,O,a
95216,O,0
95231,X,x
95232,l,I
95234,l,I
95236,o,O
95250,I,1
95260,V,v
95277,f,F
95283,v,V
95289,a,9
95292,Y,4
95294,J,S
95310,S,5
95317,1,l
95319,l,1
95320,i,1
95337,T,t
95339,u,U
95362,A,4
95395,2,g
95420,a,9
95423,e,8
95430,l,1
95435,u,U
95443,l,1
95452,O,0
95463,T,t
95470,s,S
95489,s,S
95492,D,0
95496,1,I
95503,z,Z
95516,b,6
95519,O,0
95524,I,1
95529,Y,4
95534,y,Y
95536,u,U
95551,O,0
95553,m,M
95556,I,l
95584,G,6
95587,G,5
95589,V,v
95594,l,1
95596,3,7
95598,v,V
95600,G,C
95605,l,1
95608,I,1
95609,c,C
95614,O,0
95625,q,9
95630,L,k
95633,w,W
95639,c,C
95640,l,1
95642,9,4
95658,f,F
95670,s,S
95692,4,y
95702,d,6
95705,O,0
95706,O,0
95711,y,4
95714,G,0
95721,I,1
95736,j,J
95748,I,1
95749,q,8
95752,u,U
95753,l,1
95756,0,O
95762,k,K
95784,V,v
95786,g,S
95787,1,I
95790,u,U
95792,C,6
95805,l,1
95813,0,O
95820,l,1
95825,l,1
95843,Y,y
95845,f,F
95868,K,k
95875,m,M
95886,O,0
95891,I,1
95896,q,8
95898,m,M
95918,x,X
95928,9,e
95940,m,M
95949,l,L
95952,w,W
95966,I,l
95982,c,C
95992,I,1
96036,V,U
96043,O,0
96052,O,0
96056,f,F
96057,l,1
96081,a,O
96100,L,h
96101,0,O
96108,m,M
96116,E,F
96126,1,l
96132,v,U
96135,u,U
96140,l,1
96142,i,I
96151,O,0
96164,O,0
96174,l,1
96177,u,U
96188,p,D
96190,g,e
96198,W,w
96203,l,1
96211,B,b
96212,u,U
96219,u,U
96225,1,l
96230,5,S
96236,Y,4
96258,O,0
96272,a,O
96277,p,P
96284,0,O
96285,O,0
96302,i,1
96305,o,0
96308,g,a
96311,0,D
96322,H,R
96335,U,a
96342,l,1
96346,l,1
96347,6,L
96362,k,K
96366,9,g
96367,l,1
96376,P,b
96392,I,1
96393,I,1
96397,1,l
96400,o,O
96408,t,T
96411,I,l
96432,l,1
96436,k,K
96438,D,O
96441,p,P
96444,v,V
96462,y,4
96466,l,1
96476,q,9
96477,G,6
96478,y,Y
96479,u,U
96481,V,v
96482,y,Y
96490,I,1
96499,I,1
96522,0,O
96524,e,C
96530,q,9
96532,Y,r
96536,u,U
96538,I,l
96541,l,1
96546,u,U
96548,p,P
96550,5,S
96578,l,I
96582,O,0
96589,I,1
96592,D,0
96593,c,C
96634,I,1
96645,t,T
96651,g,a
96657,v,V
96659,P,p
96661,y,Y
96671,y,a
96677,4,U
96679,e,E
96688,l,1
96692,s,S
96693,c,C
96698,P,p
96709,0,O
96710,l,1
96725,o,O
96740,q,9
96748,O,0
96756,q,9
96762,0,O
96771,S,5
96775,S,5
96776,O,0
96788,O,0
96790,l,I
96795,O,0
96799,1,I
96800,m,M
96803,U,V
96806,y,Y
96821,l,1
96822,t,T
96826,m,M
96827,I,1
96838,U,2
96848,f,F
96855,3,2
96858,1,I
96863,O,0
96869,u,U
96871,J,U
96875,S,5
96908,t,T
96951,m,M
96963,I,l
96964,0,O
96976,W,w
96996,z,2
96997,l,1
96999,l,1
97012,y,Y
97022,O,0
97028,Q,2
97037,x,K
97054,O,0
97057,q,8
97058,O,0
97061,g,G
97070,y,Y
97073,l,1
97078,u,U
97081,u,U
97091,h,n
97092,o,O
97094,W,w
97096,y,Y
97104,O,0
97114,O,0
97124,R,e
97133,0,O
97134,3,8
97141,o,O
97147,h,L
97149,f,F
97154,c,C
97158,l,I
97169,O,0
97173,u,V
97175,1,l
97178,s,S
97203,I,l
97276,1,l
97277,O,0
97278,l,1
97293,I,1
97300,I,1
97303,h,n
97311,m,M
97317,f,F
97318,u,U
97343,5,S
97347,O,0
97356,T,t
97361,h,L
97364,K,k
97371,0,O
97377,b,6
97383,l,1
97387,q,9
97393,u,U
97402,l,1
97408,D,O
97413,0,D
97414,W,w
97437,y,Y
97440,e,E
97447,v,V
97454,O,0
97459,D,0
97462,u,U
97465,Z,z
97470,V,U
97493,b,8
97499,O,0
97503,w,W
97513,W,N
97516,l,1
97518,l,1
97525,W,w
97526,I,l
97545,5,S
97554,l,1
97559,4,Y
97562,l,1
97564,k,K
97575,V,v
97586,0,O
97590,u,U
97592,g,9
97596,f,F
97602,v,U
97616,b,6
97617,z,Z
97620,m,M
97624,0,O
97640,L,l
97647,O,0
97654,W,w
97656,I,1
97661,0,O
97662,1,l
97676,t,T
97678,o,0
97691,0,e
97698,a,Q
97703,I,1
97728,X,x
97737,f,F
97739,O,0
97743,0,O
97750,K,k
97755,s,S
97757,Q,0
97761,I,1
97763,1,l
97766,v,U
97786,q,g
97815,5,S
97834,l,1
97843,l,1
97852,O,0
97874,P,D
97876,w,W
97915,O,0
97921,O,0
97924,N,H
97944,l,1
97953,1,l
97955,I,1
97964,9,g
97986,l,1
97988,l,1
98002,X,x
98006,X,x
98010,t,F
98017,7,T
98022,I,1
98026,O,0
98031,I,1
98071,u,U
98074,s,S
98076,q,9
98083,I,1
98088,I,l
98091,Z,z
98096,z,2
98097,i,j
98104,b,6
98106,O,0
98115,o,O
98125,r,R
98133,y,Y
98153,O,0
98155,Z,z
98156,t,S
98164,S,5
98166,I,1
98169,o,0
98170,m,M
98178,i,1
98180,O,0
98184,O,0
98216,l,1
98217,I,1
98226,f,F
98234,l,1
98237,W,w
98239,Y,V
98240,I,1
98246,K,X
98251,l,1
98254,Z,2
98256,l,1
98266,I,1
98278,K,k
98282,l,1
98290,c,C
98292,f,6
98294,1,l
98296,I,1
98299,l,1
98312,v,V
98313,k,K
98349,S,5
98351,V,v
98357,I,1
98358,S,5
98361,g,9
98364,l,1
98371,e,E
98386,5,S
98397,m,M
98399,l,1
98403,O,0
98404,X,x
98406,O,0
98436,r,t
98449,1,l
98461,I,l
98464,m,M
98490,O,0
98506,g,8
98509,O,0
98519,J,j
98528,o,O
98529,u,U
98547,I,1
98548,O,0
98560,i,1
98574,l,1
98586,O,0
98602,x,X
98621,X,x
98624,4,U
98646,l,I
98651,L,C
98656,O,0
98657,C,e
98660,l,1
98666,y,Y
98667,u,U
98677,I,1
98680,c,C
98685,5,3
98688,0,O
98712,3,8
98718,Z,2
98726,8,g
98727,0,O
98728,v,V
98732,c,C
98733,y,4
98736,1,l
98738,P,p
98751,u,U
98755,0,O
98759,s,S
98767,O,0
98778,s,S
98781,c,C
98790,o,O
98794,C,e
98795,i,1
98803,W,w
98805,W,w
98807,s,5
98809,c,C
98812,i,l
98815,k,K
98823,O,0
98825,0,O
98826,L,C
98839,O,0
98848,0,O
98852,0,O
98860,0,O
98864,0,O
98871,I,l
98874,0,O
98901,0,O
98913,8,P
98915,O,0
98931,q,g
98933,O,0
98940,n,N
98945,I,1
98950,q,Q
98952,I,1
98959,q,9
98966,y,Y
98970,O,0
98975,n,N
98976,l,1
98982,O,0
98983,Y,4
98985,8,E
98994,l,1
99009,m,M
99011,O,0
99016,i,1
99021,g,9
99027,z,2
99053,O,0
99078,d,n
99079,O,0
99083,0,O
99085,m,M
99090,g,9
99100,p,P
99105,l,1
99109,w,W
99113,V,v
99116,O,0
99117,j,i
99123,I,l
99129,l,1
99136,F,f
99139,l,1
99143,O,0
99153,u,U
99158,c,C
99167,q,9
99170,1,I
99173,5,S
99194,P,p
99195,f,F
99204,O,0
99211,1,I
99219,b,h
99220,V,v
99222,0,O
99228,c,C
99239,l,1
99246,c,C
99251,h,n
99261,J,j
99271,Z,z
99282,l,1
99298,I,1
99300,z,2
99311,i,l
99317,f,F
99322,g,9
99323,f,F
99327,w,W
99329,I,1
99345,c,C
99350,z,2
99363,F,S
99380,u,U
99383,a,9
99388,1,I
99403,l,1
99405,O,0
99407,i,1
99420,V,v
99425,u,U
99430,k,K
99438,l,i
99439,l,1
99443,O,0
99447,O,0
99452,I,1
99460,l,1
99468,q,9
99479,6,b
99484,b,5
99487,m,M
99497,l,1
99513,O,0
99515,l,1
99528,0,O
99541,c,C
99565,Z,2
99577,O,0
99578,f,F
99609,O,0
99611,1,l
99619,l,1
99623,O,0
99624,I,1
99639,8,3
99649,u,U
99660,X,y
99670,0,O
99675,V,v
99676,0,O
99680,V,U
99698,O,0
99719,S,5
99741,l,1
99746,Z,z
99748,V,v
99750,V,v
99756,S,5
99761,m,M
99763,l,1
99768,Q,a
99778,O,0
99781,k,K
99796,p,P
99830,l,1
99831,3,5
99854,I,1
99871,O,0
99874,l,I
99878,I,1
99879,1,7
99884,I,1
99886,t,T
99895,B,D
99898,a,A
99904,O,0
99908,I,1
99911,b,6
99914,m,M
99922,b,6
99923,u,U
99931,l,1
99932,4,U
99941,1,l
99949,O,0
99950,m,M
99956,v,U
99958,Z,z
99969,I,1
99972,l,1
99988,O,0
99990,q,9
99996,l,1
100004,a,9
100013,l,1
100016,u,U
100027,l,I
100033,5,S
100036,O,0
100037,I,1
100071,m,M
100084,s,S
100085,u,U
100086,i,I
100104,l,1
100106,0,D
100109,0,O
100112,r,n
100117,k,U
100120,b,6
100127,l,1
100134,l,1
100135,I,1
100155,l,1
100161,2,z
100172,I,l
100174,d,D
100179,g,9
100188,Y,y
100191,s,S
100192,p,P
100201,o,O
100206,K,k
100208,O,0
100215,i,I
100219,9,g
100240,W,w
100249,2,v
100259,O,0
100274,l,1
100291,Z,z
100293,1,l
100294,l,1
100310,O,0
100318,W,w
100321,q,9
100328,f,F
100329,I,1
100338,0,O
100340,x,X
100350,A,U
100370,l,L
100373,o,O
100374,0,O
100375,s,S
100382,I,1
100385,X,x
100392,l,1
100400,V,v
100401,v,V
100408,I,1
100414,O,0
100417,O,Q
100419,l,I
100422,J,j
100426,I,1
100432,l,k
100434,p,P
100442,u,U
100445,I,l
100454,m,M
100465,i,1
100483,m,M
100496,n,N
100503,B,8
100510,O,0
100513,t,T
100517,1,l
100535,u,U
100540,5,6
100542,5,S
100544,f,F
100547,g,a
100550,T,t
100555,m,M
100560,q,9
100563,n,7
100565,8,P
100566,l,1
100584,x,X
100586,I,l
100599,J,j
100603,I,l
100609,O,0
100622,z,7
100625,O,0
100627,I,1
100635,X,2
100637,0,O
100639,o,O
100641,s,S
100643,s,S
100646,O,0
100656,R,e
100664,l,1
100677,s,S
100687,O,0
100689,u,U
100690,V,v
100701,O,0
100702,0,O
100706,5,S
100710,T,t
100711,2,Z
100720,0,O
100730,m,M
100733,c,C
100738,l,I
100746,n,M
100788,w,W
100801,m,M
100803,c,C
100807,s,S
100813,I,1
100821,l,1
100830,I,l
100837,V,v
100852,T,Y
100857,O,0
100864,l,1
100868,c,C
100870,M,n
100891,3,S
100895,s,5
100911,2,8
100935,O,0
100942,L,C
100957,Y,y
100958,Q,2
100959,O,0
100960,l,1
100964,I,t
100967,w,W
100974,s,S
100976,I,1
100978,V,v
100992,u,U
101000,u,U
101002,O,0
101010,0,O
101015,l,1
101021,X,x
101024,C,L
101031,l,1
101033,I,1
101048,b,B
101050,l,1
101058,a,Q
101068,c,C
101087,0,O
101100,x,X
101101,x,X
101102,p,P
101105,S,5
101120,l,1
101126,z,2
101128,m,M
101131,x,2
101147,q,9
101153,O,0
101160,l,1
101169,Z,2
101173,O,0
101178,l,1
101179,l,1
101198,s,S
101202,1,l
101214,r,R
101228,u,U
101260,Y,y
101261,5,S
101266,x,n
101288,v,V
101292,o,0
101299,O,0
101307,1,l
101321,l,1
101327,c,C
101331,l,1
101350,8,J
101351,O,0
101360,w,U
101361,2,8
101364,O,0
101376,m,M
101377,f,F
101378,0,O
101380,B,A
101382,o,O
101392,O,0
101403,m,M
101409,l,1
101411,m,M
101427,l,1
101429,Y,y
101430,O,0
101433,t,L
101445,P,l
101450,O,0
101451,5,S
101456,O,0
101469,V,v
101481,u,U
101487,v,V
101489,b,6
101498,c,C
101507,O,0
101509,b,B
101514,c,C
101518,j,1
101551,J,j
101560,2,Z
101563,D,O
101565,O,0
101567,l,1
101582,8,6
101584,t,T
101585,n,M
101588,u,U
101595,i,1
101601,o,O
101605,v,V
101607,W,w
101608,m,M
101622,l,1
101628,m,M
101647,m,M
101653,i,I
101654,l,1
101670,O,0
101693,Y,4
101695,v,V
101696,f,F
101701,S,5
101707,q,9
101712,V,U
101714,c,a
101750,I,1
101758,w,W
101760,q,9
101784,O,0
101797,O,0
101802,b,h
101842,g,9
101885,8,d
101886,q,9
101910,f,7
101915,V,U
101917,f,F
101921,f,F
101925,W,w
101928,O,0
101940,9,g
101947,y,Y
101949,l,1
101952,f,F
101963,y,Y
101986,Y,4
101987,s,S
101998,q,0
102008,O,0
102015,i,I
102032,v,V
102034,a,2
102036,q,a
102046,1,l
102048,o,0
102049,Y,y
102052,h,R
102054,c,C
102066,s,S
102069,2,g
102087,5,S
102099,0,D
102104,1,l
102110,V,v
102115,V,v
102123,q,9
102129,u,U
102135,a,e
102147,y,Y
102152,s,S
102155,l,1
102161,0,O
102166,u,U
102186,g,9
102202,p,P
102207,l,1
102209,q,9
102210,o,O
102211,I,1
102216,l,1
102228,I,1
102230,v,V
102234,o,O
102255,O,0
102257,l,1
102258,c,C
102259,l,I
102260,I,1
102281,m,M
102285,V,v
102305,s,j
102308,O,0
102318,l,1
102319,c,C
102348,f,t
102361,v,V
102377,O,0
102386,z,2
102397,2,Z
102399,V,U
102401,I,1
102405,0,O
102410,0,O
102411,f,F
102419,l,1
102437,c,C
102438,O,0
102459,t,T
102476,o,O
102480,0,O
102482,g,9
102486,V,v
102496,l,1
102497,O,0
102501,O,0
102514,l,1
102520,o,O
102556,I,1
102566,g,9
102572,k,K
102576,I,1
102590,l,1
102596,n,N
102600,s,S
102608,0,U
102611,4,Y
102616,o,O
102620,0,O
102626,a,n
102632,m,M
102633,z,2
102641,q,9
102645,O,0
102646,O,0
102653,O,0
102668,O,0
102683,0,O
102688,W,w
102707,O,0
102711,6,L
102714,1,I
102717,V,v
102721,u,U
102736,f,F
102738,G,6
102740,S,5
102744,o,U
102746,l,1
102755,c,C
102763,C,a
102766,a,g
102782,O,0
102791,b,B
102792,j,2
102808,5,S
102812,S,5
102817,V,v
102818,u,U
102823,I,1
102829,m,M
102837,l,1
102844,0,O
102849,l,1
102853,K,k
102869,0,O
102880,l,1
102890,l,1
102891,V,v
102898,o,O
102901,l,1
102910,G,6
102921,I,1
102926,0,D
102943,f,F
102949,c,C
102969,q,9
102976,k,h
102978,l,1
102991,m,M
102996,c,C
103023,0,O
103024,q,9
103026,O,0
103031,I,1
103034,O,0
103040,i,1
103043,I,t
103065,G,g
103067,0,O
103068,i,l
103075,z,2
103080,i,1
103085,C,e
103087,o,0
103096,l,1
103121,m,M
103134,0,D
103137,c,C
103141,O,0
103164,m,u
103168,I,1
103171,1,l
103175,Y,y
103194,0,O
103208,i,1
103212,9,Y
103216,t,T
103233,o,O
103235,I,1
103245,0,O
103256,O,0
103259,z,2
103278,8,9
103282,j,J
103285,h,r
103289,F,4
103291,O,0
103293,s,S
103297,I,1
103298,5,S
103302,0,O
103363,O,0
103365,i,1
103373,V,v
103376,t,T
103379,h,L
103388,l,1
103397,l,1
103409,0,O
103415,O,0
103419,9,a
103420,p,P
103423,0,O
103425,B,8
103426,V,U
103434,l,I
103435,v,V
103455,O,0
103475,g,G
103490,q,9
103501,y,4
103520,w,W
103523,t,T
103530,s,S
103537,O,0
103546,l,1
103562,o,0
103575,I,1
103593,I,1
103610,u,U
103626,0,O
103636,Z,2
103641,l,1
103661,h,H
103667,O,0
103688,l,1
103713,l,1
103714,l,1
103726,l,1
103727,c,C
103752,c,C
103754,O,0
103758,0,O
103762,t,T
103789,I,1
103807,I,1
103812,1,l
103817,w,W
103822,v,V
103825,0,O
103830,1,I
103841,l,t
103845,Y,4
103852,c,C
103860,O,D
103873,1,l
103875,P,D
103880,n,r
103887,5,S
103888,h,n
103889,7,4
103890,l,1
103892,3,2
103904,O,0
103907,u,U
103916,5,S
103920,o,0
103929,t,T
103946,u,U
103962,x,X
103965,W,w
103968,c,C
103971,9,4
103973,l,1
103989,O,0
103990,0,O
103991,V,v
104008,l,1
104010,s,S
104015,m,M
104018,O,0
104019,2,a
104020,l,1
104022,f,F
104023,O,0
104027,q,a
104031,9,g
104039,m,M
104042,o,O
104046,6,C
104048,1,I
104049,p,q
104053,l,1
104055,O,0
104058,I,1
104071,l,1
104088,m,M
104092,O,0
104099,u,U
104100,V,v
104106,D,0
104107,O,0
104110,u,U
104113,o,O
104123,s,S
104129,0,O
104133,l,1
104134,Z,2
104148,0,O
104150,S,e
104152,r,h
104158,J,j
104162,1,I
104172,z,Z
104188,t,T
104197,b,h
104204,O,0
104206,t,O
104212,I,D
104221,O,0
104245,I,1
104247,P,p
104251,s,S
104255,p,P
104256,h,n
104261,f,F
104263,s,S
104266,l,1
104276,r,R
104291,l,1
104307,p,P
104329,O,0
104333,P,b
104335,0,6
104338,n,N
104339,l,1
104347,l,1
104366,I,1
104387,l,1
104475,O,0
104477,O,0
104484,p,P
104493,0,O
104496,g,a
104504,X,x
104506,W,w
104512,a,A
104531,Z,2
104542,I,1
104543,U,V
104545,l,1
104548,0,O
104552,s,S
104553,O,0
104569,S,5
104591,l,1
104602,Z,z
104637,0,O
104658,W,w
104676,l,1
104702,7,1
104703,G,0
104704,l,1
104706,t,e
104707,I,1
104712,X,x
104720,z,Z
104754,p,P
104781,w,W
104783,m,M
104787,I,l
104804,i,I
104805,u,U
104808,0,O
104827,c,C
104842,P,p
104844,m,M
104863,P,p
104882,u,U
104888,6,1
104890,w,W
104897,G,6
104908,I,l
104915,m,M
104918,O,0
104920,g,9
104923,8,g
104933,6,G
104936,G,6
104939,0,D
104953,l,1
104961,c,C
104974,V,r
104977,l,1
104978,W,w
105001,5,S
105021,H,W
105022,l,1
105026,8,S
105032,l,1
105036,O,0
105045,l,I
105052,l,1
105057,O,0
105061,V,v
105080,y,4
105083,u,U
105086,K,k
105091,s,S
105101,u,U
105102,0,O
105112,9,q
105126,e,C
105127,O,0
105128,f,F
105133,R,2
105142,s,S
105147,0,O
105148,I,1
105152,i,1
105161,6,b
105162,v,U
105166,8,g
105172,I,1
105181,I,l
105194,u,U
105200,8,g
105204,c,C
105213,s,A
105217,l,1
105225,O,0
105227,O,0
105228,O,0
105229,g,S
105233,Q,0
105253,v,V
105265,1,I
105278,o,O
105299,I,1
105304,u,U
105306,0,O
105318,Y,y
105324,y,Y
105331,t,f
105335,Z,z
105337,l,1
105350,l,1
105355,s,S
105367,S,3
105370,1,l
105377,0,O
105395,c,C
105404,I,1
105425,b,6
105436,B,k
105439,l,1
105441,l,1
105451,O,0
105452,e,E
105453,m,M
105462,2,z
105498,g,9
105502,S,5
105504,m,M
105509,6,5
105525,k,e
105529,c,C
105532,5,S
105535,n,N
105545,I,1
105547,o,B
105552,l,I
105558,Y,y
105571,O,0
105580,0,O
105602,c,C
105622,O,0
105627,S,5
105635,S,5
105656,m,M
105669,I,1
105670,q,9
105674,O,0
105686,0,8
105688,u,U
105703,0,O
105704,0,O
105705,O,0
105718,I,1
105720,m,M
105731,g,9
105734,s,R
105737,P,p
105754,0,O
105781,y,Y
105785,y,4
105786,1,l
105788,I,1
105802,s,S
105805,w,W
105810,V,v
105811,p,R
105812,0,O
105826,1,l
105827,O,0
105828,i,1
105834,l,1
105835,O,0
105843,y,Y
105852,J,j
105853,0,O
105856,S,B
105861,q,9
105878,y,Y
105902,I,l
105911,2,Z
105922,I,1
105932,V,v
105937,I,1
105944,z,Z
105953,0,O
105966,O,0
105970,F,E
105972,j,J
105978,O,0
105984,z,2
105986,8,P
105998,O,0
106000,l,1
106001,i,I
106003,a,2
106027,h,6
106030,c,C
106032,l,1
106036,5,S
106037,0,O
106044,l,1
106050,c,C
106051,f,t
106057,l,1
106079,l,1
106080,I,1
106089,0,O
106090,I,1
106122,Z,z
106127,Y,2
106137,u,U
106141,i,I
106167,d,N
106170,I,1
106177,O,0
106180,S,5
106199,Y,y
106221,f,F
106222,P,p
106223,J,d
106243,j,i
106255,1,l
106257,1,I
106277,C,L
106278,l,1
106280,k,K
106281,l,1
106285,o,O
106296,O,0
106302,1,I
106306,p,P
106311,l,I
106314,I,l
106321,h,H
106323,g,9
106326,m,M
106328,O,0
106345,c,C
106347,1,l
106351,y,4
106354,l,1
106356,H,4
106360,5,S
106365,v,V
106378,5,S
106381,O,0
106384,q,9
106386,0,O
106392,W,w
106412,l,1
106415,l,1
106425,k,K
106442,S,5
106448,u,U
106454,t,T
106471,K,k
106477,p,P
106486,T,t
106496,V,v
106500,S,5
106501,T,t
106504,y,4
106515,x,X
106523,I,1
106532,0,O
106562,o,O
106564,j,i
106569,V,v
106584,w,W
106591,u,U
106601,z,Z
106604,c,C
106605,u,U
106613,O,0
106620,t,7
106621,c,C
106627,I,1
106640,6,L
106642,O,0
106646,6,b
106652,9,a
106653,l,1
106665,K,k
106667,l,I
106680,I,1
106686,b,B
106690,0,O
106702,W,w
106707,O,0
106711,l,1
106720,0,O
106735,m,M
106737,O,0
106741,k,K
106748,i,I
106780,I,l
106782,O,0
106795,O,0
106802,A,n
106803,c,C
106804,1,l
106812,l,1
106814,f,F
106828,P,p
106834,0,O
106835,I,1
106846,O,0
106852,o,a
106865,9,g
106884,V,v
106900,u,U
106901,O,0
106912,Z,z
106914,o,0
106922,S,5
106925,O,0
106931,f,F
106932,s,S
106935,l,1
106952,p,P
106955,g,9
106978,0,O
106983,U,0
107000,1,I
107008,O,0
107012,m,M
107014,i,I
107024,0,O
107030,6,S
107043,I,1
107045,e,E
107059,2,8
107062,s,S
107064,s,S
107069,0,O
107085,m,M
107091,W,w
107092,q,9
107101,m,M
107102,w,W
107118,B,4
107123,l,1
107131,O,0
107132,O,0
107134,S,5
107149,0,O
107160,K,k
107164,I,1
107168,i,I
107174,1,l
107175,6,u
107187,u,U
107198,O,j
107200,1,I
107212,n,S
107219,f,F
107235,1,I
107241,0,O
107250,c,C
107258,k,K
107275,O,0
107286,z,Z
107290,c,C
107293,Y,4
107303,v,V
107304,c,C
107305,O,0
107312,l,1
107316,u,U
107318,0,O
107323,p,D
107326,b,6
107328,2,z
107345,O,0
107353,u,U
107367,v,V
107375,l,1
107384,Z,2
107396,O,0
107404,l,1
107420,G,C
107454,l,1
107456,l,1
107470,O,0
107476,5,T
107503,g,S
107504,O,0
107505,f,F
107511,i,C
107515,W,w
107516,q,9
107528,Y,4
107531,s,S
107533,T,t
107536,0,O
107540,l,1
107545,j,J
107549,I,l
107556,u,U
107574,l,1
107583,q,9
107595,J,U
107598,l,1
107601,c,C
107605,O,0
107606,o,O
107617,u,U
107628,8,q
107634,I,1
107635,I,l
107637,w,W
107641,0,O
107661,I,l
107676,m,M
107686,k,K
107696,u,U
107700,B,3
107705,f,F
107710,S,5
107727,I,1
107729,O,0
107734,o,O
107746,1,l
107760,h,L
107781,M,n
107783,1,l
107789,f,F
107803,9,a
107810,O,0
107818,o,O
107830,l,I
107851,p,P
107856,p,P
107867,l,1
107887,o,0
107888,0,O
107890,1,I
107895,Y,4
107900,6,b
107915,O,0
107940,0,O
107945,r,n
107963,I,1
107967,O,0
107974,X,x
107977,f,F
107978,Z,z
107981,4,t
107984,S,5
107986,W,w
107999,2,z
108012,O,0
108042,9,q
108047,V,J
108051,5,S
108055,l,1
108064,f,F
108065,o,0
108089,f,F
108102,g,q
108104,l,1
108106,0,O
108120,O,0
108126,0,O
108131,t,T
108132,Y,9
108136,u,U
108148,o,0
108173,i,I
108175,c,C
108176,5,S
108187,I,1
108203,S,5
108204,u,U
108212,l,1
108228,I,1
108236,m,M
108240,u,U
108241,j,S
108258,1,I
108267,0,O
108269,O,0
108277,1,I
108279,I,1
108287,0,O
108290,O,0
108296,g,9
108303,z,Z
108308,g,9
108310,s,S
108322,i,1
108328,p,P
108329,I,1
108343,o,O
108359,n,N
108364,C,0
108370,O,0
108380,I,1
108382,1,l
108386,Y,y
108398,C,E
108402,l,1
108407,m,M
108416,P,p
108420,s,S
108423,c,C
108426,5,S
108429,l,1
108431,e,C
108437,C,e
108439,O,0
108442,o,O
108448,9,g
108452,z,2
108456,1,l
108470,q,9
108478,s,S
108489,t,T
108503,O,0
108519,u,U
108521,I,1
108526,O,0
108538,1,I
108539,O,0
108550,l,1
108557,f,F
108568,O,0
108572,O,0
108573,c,C
108576,s,S
108584,u,U
108588,f,F
108589,o,O
108593,O,0
108598,m,M
108608,i,r
108609,l,1
108612,p,P
108615,P,p
108621,7,9
108627,l,r
108631,s,S
108637,1,Z
108641,o,O
108645,I,1
108648,W,w
108649,p,P
108657,j,J
108665,4,Y
108666,V,v
108667,c,C
108673,O,0
108682,s,S
108705,I,1
108713,l,1
108722,u,U
108723,j,i
108731,P,p
108736,p,P
108740,I,1
108767,c,C
108777,0,O
108783,u,U
108803,O,0
108805,0,O
108821,F,7
108823,l,1
108824,l,1
108831,T,t
108834,l,1
108835,l,1
108847,o,0
108854,y,Y
108858,l,1
108878,c,C
108895,I,1
108900,l,I
108901,0,O
108903,O,0
108906,N,U
108924,0,O
108943,f,F
108947,O,0
108957,0,O
108964,c,C
108970,O,0
108975,u,U
108980,l,I
108982,p,P
108987,0,O
108999,0,O
109017,1,l
109019,l,I
109020,O,0
109031,O,0
109042,I,1
109059,l,1
109070,V,v
109076,v,V
109081,0,O
109099,0,e
109112,s,S
109115,0,O
109130,o,O
109144,O,0
109146,O,0
109157,O,0
109158,S,5
109161,4,6
109163,g,8
109169,8,g
109195,O,0
109198,l,1
109206,o,0
109207,f,F
109211,i,I
109222,f,F
109245,O,0
109248,0,O
109255,Z,z
109265,o,0
109271,D,O
109274,l,1
109276,s,S
109278,c,C
109285,I,1
109297,I,1
109298,O,U
109302,O,D
109303,4,H
109307,I,l
109312,0,O
109315,l,1
109324,9,a
109333,I,1
109337,P,p
109342,v,V
109347,O,0
109348,O,0
109349,Y,4
109353,m,M
109355,C,e
109360,D,0
109364,o,0
109365,m,M
109373,f,F
109375,l,1
109376,O,0
109385,0,O
109404,J,j
109423,l,1
109431,6,b
109434,q,9
109442,l,1
109443,m,M
109449,J,T
109456,c,C
109460,O,0
109491,s,S
109518,3,5
109549,s,S
109551,0,O
109552,0,O
109567,q,9
109573,l,1
109575,b,6
109584,c,l
109589,I,l
109592,l,1
109597,l,1
109606,Y,1
109610,O,0
109615,0,O
109616,W,6
109618,s,S
109625,O,0
109629,l,1
109655,z,Z
109656,x,X
109679,f,F
109691,m,M
109707,0,U
109717,Z,z
109727,0,O
109732,I,l
109744,l,1
109754,0,O
109758,f,F
109772,v,N
109773,y,4
109778,Z,2
109783,8,q
109787,C,a
109791,O,0
109818,l,1
109829,0,O
109834,f,t
109836,u,U
109841,O,0
109845,h,M
109851,f,F
109852,m,M
109856,I,F
109858,l,1
109866,C,e
109867,o,0
109880,f,F
109889,w,W
109896,O,0
109899,i,1
109913,l,1
109919,q,8
109921,p,P
109923,O,0
109925,g,8
109964,O,0
109970,q,9
109978,z,2
109994,i,1
109998,F,P
110016,H,N
110027,i,l
110036,i,I
110073,m,M
110081,n,N
110082,G,b
110089,o,O
110094,5,S
110100,O,0
110104,o,O
110106,8,q
110109,c,C
110111,V,U
110112,V,U
110119,l,1
110122,g,q
110123,y,4
110127,A,R
110135,I,1
110149,I,1
110180,P,p
110183,O,0
110198,I,1
110199,z,Z
110218,8,E
110220,z,Z
110226,O,0
110234,z,Z
110238,u,U
110244,s,S
110250,l,1
110263,T,J
110268,O,0
110292,0,O
110300,I,1
110303,m,M
110327,z,Z
110329,l,1
110330,P,p
110336,v,V
110342,o,0
110362,g,9
110370,l,1
110377,c,C
110378,1,I
110394,i,I
110400,0,O
110423,u,U
110428,s,S
110431,O,0
110438,0,O
110450,O,0
110474,6,b
110487,S,5
110500,0,O
110503,D,A
110504,v,V
110507,O,0
110508,4,H
110511,l,1
110513,o,0
110514,c,C
110516,0,O
110530,u,y
110538,k,K
110541,q,9
110547,O,0
110548,k,K
110563,3,5
110568,8,e
110569,l,1
110575,l,1
110583,i,1
110593,0,O
110595,K,k
110615,l,1
110617,2,Z
110618,O,0
110634,l,1
110639,2,Z
110642,s,S
110655,m,M
110663,R,e
110667,I,1
110681,f,F
110682,I,1
110692,W,w
110697,i,I
110700,O,0
110702,p,P
110703,c,C
110704,p,r
110714,p,P
110717,9,g
110722,I,l
110723,O,0
110748,O,0
110752,a,2
110754,f,F
110758,l,1
110764,o,0
110771,q,9
110785,l,C
110853,l,1
110855,O,0
110862,k,K
110871,l,1
110873,l,1
110891,u,U
110897,I,1
110928,n,r
110929,0,O
110934,m,M
110935,K,k
110947,O,0
110955,y,Y
110963,c,C
110966,V,v
110971,0,O
110973,I,l
110974,U,v
110981,l,1
110985,O,0
110991,n,M
110994,b,6
110997,e,E
111006,w,W
111023,u,U
111032,I,1
111033,z,2
111041,l,1
111057,j,J
111067,O,0
111068,m,n
111076,O,0
111084,l,1
111114,z,2
111124,l,1
111145,Y,y
111147,X,x
111154,O,0
111162,l,1
111163,5,S
111168,X,x
111173,h,H
111182,X,x
111196,t,T
111204,O,0
111206,k,K
111207,q,g
111209,O,0
111210,I,1
111232,c,C
111239,W,w
111252,r,e
111268,H,4
111275,v,V
111281,l,1
111283,4,a
111319,f,F
111320,u,U
111330,I,1
111332,n,h
111345,1,l
111354,z,3
111360,G,6
111362,O,0
111366,O,0
111383,1,l
111388,I,1
111397,O,0
111408,l,1
111412,v,V
111420,s,S
111425,5,C
111428,k,K
111439,S,9
111441,V,U
111443,u,U
111445,M,4
111466,2,z
111472,q,9
111481,O,0
111482,C,6
111484,k,K
111489,S,5
111494,o,0
111497,O,0
111500,q,9
111544,4,U
111548,f,F
111549,u,U
111555,m,M
111560,s,S
111562,5,S
111566,1,7
111578,l,1
111579,m,M
111595,5,S
111616,o,O
111622,0,O
111628,y,4
111637,I,1
111640,Y,4
111641,A,2
111650,l,1
111658,I,l
111664,O,0
111675,a,2
111692,I,l
111701,z,Z
111703,Y,x
111705,0,O
111710,O,0
111713,k,K
111723,c,C
111728,p,P
111748,O,0
111749,J,j
111764,0,O
111766,0,O
111768,8,S
111772,0,O
111773,0,O
111775,c,C
111778,p,P
111782,D,0
111798,5,S
111802,p,P
111803,0,O
111808,q,9
111820,S,5
111823,C,e
111833,o,O
111857,9,g
111866,O,0
111869,u,U
111878,a,9
111880,g,5
111881,z,Z
111886,0,O
111889,c,C
111897,0,O
111906,O,0
111919,O,0
111921,O,0
111930,c,C
111934,l,1
111939,O,0
111941,l,I
111944,o,O
111946,1,I
111953,p,P
111956,1,l
111959,O,0
111965,l,1
111967,9,a
111971,l,1
111976,l,1
111983,I,l
111985,l,1
112001,O,0
112013,J,j
112014,O,0
112018,f,G
112030,y,Y
112041,u,U
112049,i,1
112052,S,8
112057,b,6
112062,1,l
112063,v,V
112065,S,5
112071,O,0
112074,0,O
112084,I,1
112086,l,1
112089,l,1
112091,J,l
112105,O,0
112108,l,1
112111,O,0
112112,5,S
112113,I,1
112121,Y,V
112130,O,0
112131,W,w
112133,x,X
112144,m,M
112146,S,5
112148,c,C
112158,s,S
112160,O,0
112164,h,k
112173,T,t
112175,g,r
112180,0,O
112194,l,1
112196,5,S
112199,T,t
112201,t,l
112205,X,x
112221,t,F
112222,O,0
112223,l,1
112228,9,g
112237,I,1
112247,6,b
112250,t,T
112260,o,O
112275,I,1
112281,O,0
112303,l,I
112311,l,1
112331,3,j
112337,0,O
112342,W,a
112353,0,b
112364,v,V
112373,0,a
112376,0,O
112416,X,x
112418,n,N
112419,i,l
112425,O,0
112429,l,1
112440,Z,2
112441,g,9
112448,K,k
112455,m,M
112462,O,0
112467,O,0
112468,u,U
112474,q,8
112477,O,0
112481,s,S
112491,A,R
112509,O,0
112514,c,C
112515,l,1
112518,6,b
112521,I,1
112524,O,0
112526,g,9
112527,m,M
112528,l,1
112532,o,O
112533,Z,z
112544,Z,z
112562,f,F
112572,l,1
112594,Z,z
112598,l,I
112613,1,I
112620,I,1
112625,O,M
112629,O,0
112630,f,F
112637,e,C
112638,p,P
112641,l,1
112647,s,S
112671,f,F
112679,l,1
112690,V,U
112705,l,1
112708,u,U
112724,l,I
112732,g,9
112737,c,C
112742,l,1
112745,q,9
112746,0,O
112749,K,k
112750,O,0
112752,l,1
112754,P,p
112762,8,t
112770,O,0
112773,B,8
112779,e,R
112786,z,Z
112793,I,1
112802,0,O
112808,l,1
112822,K,k
112828,0,O
112830,z,Z
112834,s,5
112836,l,1
112841,c,C
112846,u,M
112849,I,1
112857,0,O
112859,O,0
112864,r,R
112866,O,0
112873,1,I
112887,v,V
112890,C,e
112902,S,5
112913,c,C
112921,i,I
112948,i,j
112951,W,w
112956,1,l
112959,o,O
112963,y,Y
112964,u,U
112968,4,n
112976,D,O
112980,K,k
112981,4,U
112990,N,n
112992,H,A
113019,O,a
113021,l,1
113028,h,b
113030,I,1
113033,O,0
113050,O,0
113064,l,1
113065,l,I
113066,5,S
113068,S,5
113071,0,O
113074,u,U
113086,2,z
113096,s,S
113102,l,1
113114,m,M
113141,4,x
113144,k,K
113159,u,U
113171,X,x
113172,I,1
113180,l,1
113181,0,O
113205,s,S
113234,f,F
113241,O,0
113242,l,1
113243,I,1
113244,0,O
113249,W,w
113252,K,k
113254,5,S
113257,O,0
113269,V,v
113287,l,1
113292,o,O
113294,S,5
113303,o,0
113318,1,I
113349,l,1
113354,c,C
113359,o,0
113360,S,5
113368,f,F
113370,h,L
113382,O,0
113385,K,k
113388,1,i
113393,q,Q
113400,a,g
113404,p,P
113406,p,P
113407,g,a
113417,Y,y
113422,m,M
113438,G,6
113440,I,1
113456,u,U
113458,i,I
113467,4,y
113468,c,C
113473,0,U
113485,l,1
113494,O,0
113495,1,I
113521,O,0
113532,l,I
113565,Y,y
113566,c,C
113568,s,S
113569,I,1
113574,h,b
113585,P,p
113587,U,v
113595,5,S
113596,m,M
113603,I,1
113609,l,1
113612,W,w
113613,o,0
113631,Y,4
113633,0,O
113636,z,Z
113642,W,w
113643,l,1
113648,q,9
113649,I,1
113658,p,P
113662,l,1
113663,W,w
113677,8,9
113679,0,O
113687,v,V
113708,l,1
113711,O,0
113714,a,2
113717,I,1
113725,p,P
113733,o,O
113760,Y,4
113768,I,l
113774,l,1
113775,Y,y
113780,f,F
113787,O,0
113798,l,1
113801,l,L
113802,l,I
113813,o,U
113816,u,U
113835,q,9
113837,O,0
113838,O,0
113839,I,1
113842,l,1
113844,O,0
113850,W,w
113859,r,C
113861,W,w
113862,W,w
113869,Y,7
113886,Y,y
113891,u,n
113892,4,a
113895,0,O
113896,z,Z
113897,q,g
113915,Y,y
113923,J,d
113924,t,F
113926,l,1
113931,0,O
113934,O,0
113941,0,O
113948,j,J
113949,Z,z
113965,m,M
113970,o,O
113979,I,1
114001,O,0
114013,1,I
114021,1,l
114027,I,1
114028,s,S
114047,n,N
114051,Z,2
114060,f,F
114069,f,F
114073,l,1
114102,p,P
114110,4,H
114111,W,w
114116,J,I
114128,W,M
114133,V,v
114143,m,N
114159,e,E
114169,l,1
114170,i,1
114182,0,O
114193,l,1
114199,I,1
114201,1,I
114203,O,0
114226,l,1
114228,y,Y
114234,l,1
114248,l,1
114250,0,O
114254,q,9
114261,Y,4
114268,O,0
114274,5,S
114280,j,i
114315,I,1
114324,q,Q
114325,l,I
114328,x,X
114333,c,C
114338,O,0
114340,s,S
114341,i,1
114347,O,0
114348,O,0
114349,O,0
114355,K,k
114359,l,1
114373,z,2
114380,V,U
114381,n,N
114393,I,1
114408,S,5
114416,u,U
114427,m,M
114429,S,5
114431,e,E
114432,v,V
114435,T,t
114459,Z,2
114464,m,M
114471,c,C
114476,0,O
114477,O,0
114481,l,1
114486,H,A
114494,u,U
114495,O,0
114499,l,F
114521,i,1
114524,l,1
114526,s,S
114536,o,O
114538,n,M
114557,O,0
114558,l,1
114559,l,1
114561,1,l
114567,q,9
114573,m,M
114588,h,n
114594,f,F
114612,l,I
114628,s,S
114630,l,1
114639,m,M
114640,l,1
114641,0,O
114654,0,O
114662,o,0
114666,I,1
114698,9,q
114708,I,1
114710,0,O
114711,0,O
114719,0,O
114720,V,v
114731,l,1
114733,O,0
114737,s,S
114742,l,1
114749,i,1
114756,s,S
114774,1,l
114779,f,F
114781,I,1
114787,O,0
114800,l,1
114807,f,F
114811,h,H
114830,0,O
114851,l,1
114860,I,1
114868,q,a
114896,0,n
114906,I,1
114912,i,I
114916,O,0
114926,n,7
114929,l,1
114932,w,W
114934,a,d
114960,m,M
114966,s,S
114968,x,X
114973,I,1
114986,c,C
114995,z,Z
114996,0,O
115012,0,O
115022,o,O
115025,S,5
115027,y,Y
115032,q,9
115041,O,0
115043,O,0
115048,7,F
115054,O,0
115057,I,1
115059,0,O
115062,c,C
115077,8,B
115078,j,i
115081,O,0
115085,0,O
115090,m,M
115101,i,I
115111,O,0
115112,S,5
115115,l,1
115134,I,l
115138,0,O
115148,I,l
115160,l,1
115165,I,1
115167,O,0
115180,0,O
115182,l,1
115193,u,U
115195,6,0
115206,l,1
115219,q,9
115222,i,I
115223,I,1
115231,O,0
115232,V,v
115264,q,9
115265,V,v
115266,O,0
115293,9,4
115294,8,q
115299,I,1
115317,I,1
115319,n,N
115320,i,1
115321,l,1
115337,O,0
115342,l,1
115354,1,l
115363,Y,V
115365,V,v
115366,O,0
115382,f,F
115384,l,1
115389,P,p
115406,l,I
115414,n,N
115420,t,T
115434,O,0
115457,m,M
115460,X,x
115466,O,0
115468,S,8
115481,0,O
115495,i,1
115500,U,a
115511,T,t
115512,f,F
115522,W,w
115528,r,1
115530,t,L
115532,o,O
115546,r,h
115568,0,O
115572,c,C
115583,b,B
115588,y,Y
115590,K,k
115605,5,S
115607,0,O
115608,O,0
115623,0,O
115639,I,1
115645,J,j
115650,W,w
115656,E,5
115660,I,1
115673,u,U
115674,O,0
115675,Y,4
115688,O,0
115690,I,1
115691,y,Y
115693,c,C
115701,v,V
115706,0,O
115709,Y,y
115710,f,F
115711,y,Y
115716,X,x
115718,Z,z
115719,2,z
115747,0,D
115750,l,1
115751,9,q
115755,X,x
115758,t,T
115762,t,h
115774,K,k
115776,i,j
115785,m,M
115786,I,1
115788,O,0
115801,a,2
115803,8,3
115805,X,x
115806,l,1
115824,1,l
115832,u,U
115837,c,C
115841,5,S
115858,l,1
115870,l,1
115873,v,V
115885,u,U
115891,m,M
115894,z,2
115911,f,F
115916,J,T
115927,0,O
115931,I,1
115943,I,1
115964,q,9
115968,l,I
115970,0,O
115973,x,X
115975,w,d
115980,t,L
115989,0,O
115999,w,W
116012,O,0
116014,T,Y
116016,r,L
116023,q,9
116024,I,1
116027,X,x
116033,I,1
116059,S,5
116067,o,O
116072,l,1
116076,p,r
116077,l,1
116080,b,6
116081,i,1
116084,v,y
116096,1,l
116097,K,k
116103,B,8
116106,0,U
116113,t,l
116132,k,K
116147,u,U
116149,l,I
116150,5,S
116151,O,0
116158,X,x
116188,o,0
116193,1,l
116205,q,9
116207,u,U
116219,V,v
116227,z,Z
116235,u,U
116238,l,1
116244,I,1
116246,I,d
116252,f,F
116259,O,0
116260,c,C
116271,V,v
116272,i,1
116273,c,C
116274,8,2
116276,I,1
116284,Y,4
116285,I,1
116290,c,C
116299,K,k
116321,0,O
